nama_schema,nama_routine,jenis_routine,tipe_hasil
aplikasi,aksesRuanganBerdasarkanJenis,FUNCTION,char
aplikasi,doAutomaticExecute,PROCEDURE,
aplikasi,doAutomaticExecute02,PROCEDURE,
aplikasi,doAutomaticExecute03,PROCEDURE,
aplikasi,getValuePropertyJSON,FUNCTION,longtext
aplikasi,grantAksesRekamMedis,PROCEDURE,
aplikasi,grantGroupPenggunaAksesModulKePenggunaGroup,PROCEDURE,
aplikasi,isPenggunaAksesRuangan,FUNCTION,tinyint
aplikasi,isSelectedGroupPenggunaAksesModule,FUNCTION,tinyint
aplikasi,isSelectedPenggunaAkses,FUNCTION,tinyint
aplikasi,isSelectedPenggunaAksesRuangan,FUNCTION,tinyint
aplikasi,isUsingGroupPengguna,FUNCTION,int
aplikasi,killProcessSleep,PROCEDURE,
berkas_klaim,daftarDokumen,PROCEDURE,
berkas_klaim,doScriptDoc,PROCEDURE,
berkas_klaim,doScriptDoc02,PROCEDURE,
berkas_klaim,doScriptDocFarmasi,PROCEDURE,
berkas_klaim,doScriptDocLabMikro,PROCEDURE,
berkas_klaim,doScriptDocLabPA,PROCEDURE,
berkas_klaim,doScriptDocLabPASebelumnya,PROCEDURE,
berkas_klaim,doScriptDocLabPK,PROCEDURE,
berkas_klaim,doScriptDocLembarProgramPendampinganDanPengawasan,PROCEDURE,
berkas_klaim,doScriptDocOpr,PROCEDURE,
berkas_klaim,doScriptDocPengkajian,PROCEDURE,
berkas_klaim,doScriptDocPenunjangLainnya,PROCEDURE,
berkas_klaim,doScriptDocRad,PROCEDURE,
berkas_klaim,doScriptDocUpload,PROCEDURE,
bpjs,CetakSEP,PROCEDURE,
bpjs,executeTempatTidur,PROCEDURE,
bpjs,getDPJP,FUNCTION,varchar
bpjs,RencanaKontrol,PROCEDURE,
bpjs,RujukanKeluar,PROCEDURE,
cetakan,storeKarcis,PROCEDURE,
generator,generateIdBridgeLog,FUNCTION,varchar
generator,generateIdFarmasi,FUNCTION,varchar
generator,generateIdHasilEvaluasiSST,FUNCTION,varchar
generator,generateIdHasilLab,FUNCTION,varchar
generator,generateIdKarcis,FUNCTION,varchar
generator,generateIdKartu,FUNCTION,varchar
generator,generateIdKeluargaPasien,FUNCTION,smallint
generator,generateIdO2,FUNCTION,varchar
generator,generateIdParameterTindakanLab,FUNCTION,int
generator,generateIdPenggunaAksesLog,FUNCTION,varchar
generator,generateIdReturFarmasi,FUNCTION,varchar
generator,generateIdTindakanMedis,FUNCTION,varchar
generator,generateIdWaktuPelayananKpo,FUNCTION,varchar
generator,generateKodeKejadian,FUNCTION,varchar
generator,generateNoAntrian,FUNCTION,smallint
generator,generateNoAntrianRuangan,FUNCTION,smallint
generator,generateNoFarmasiKpo,FUNCTION,varchar
generator,generateNoIterasiObat,FUNCTION,varchar
generator,generateNoKejadian,FUNCTION,char
generator,generateNoKonsul,FUNCTION,varchar
generator,generateNoKontrol,FUNCTION,varchar
generator,generateNoKuitansi,FUNCTION,char
generator,generateNoKunjungan,FUNCTION,varchar
generator,generateNoMaterialRequest,FUNCTION,varchar
generator,generateNomorApproveFormulirAntimikroba,FUNCTION,varchar
generator,generateNoMutasi,FUNCTION,varchar
generator,generateNoOrderLab,FUNCTION,varchar
generator,generateNoOrderPermintaanDarah,FUNCTION,varchar
generator,generateNoOrderRad,FUNCTION,varchar
generator,generateNoOrderResep,FUNCTION,varchar
generator,generateNoPembayaran,FUNCTION,char
generator,generateNoPenawaranHarga,FUNCTION,varchar
generator,generateNoPendaftaran,FUNCTION,varchar
generator,generateNoPenerimaan,FUNCTION,varchar
generator,generateNoPengiriman,FUNCTION,varchar
generator,generateNoPermintaan,FUNCTION,varchar
generator,generateNoProtokol,FUNCTION,varchar
generator,generateNoProtokolDetail,FUNCTION,varchar
generator,generateNoPurchaseOrder,FUNCTION,varchar
generator,generateNoResepTerlayaniKpo,FUNCTION,varchar
generator,generateNoReservasi,FUNCTION,char
generator,generateNoRujukan,FUNCTION,varchar
generator,generateNoSuratKelahiran,FUNCTION,varchar
generator,generateNoSuratOpname,FUNCTION,varchar
generator,generateNoSuratPenawaranHarga,FUNCTION,varchar
generator,generateNoSuratSakit,FUNCTION,varchar
generator,generateNoSuratSehat,FUNCTION,varchar
generator,generateNoTagihan,FUNCTION,varchar
generator,generatePassSignature,FUNCTION,char
generator,generatorNoSPRI,FUNCTION,varchar
inacbg,CetakLapIndividual,PROCEDURE,
inacbg,CetakLapIndividual5,PROCEDURE,
inacbg,getNomorRegisterTBTerakhir,FUNCTION,char
informasi,execute10DiagnosaRD,PROCEDURE,
informasi,execute10DiagnosaRI,PROCEDURE,
informasi,execute10DiagnosaRJ,PROCEDURE,
informasi,execute10KlaimInacbgRI,PROCEDURE,
informasi,execute10KlaimInacbgRJ,PROCEDURE,
informasi,executeBedMonitorKemkes,PROCEDURE,
informasi,executeIndikatorRS,PROCEDURE,
informasi,executeKlaimIKS,PROCEDURE,
informasi,executeKlaimInacbg,PROCEDURE,
informasi,executeKunjungan,PROCEDURE,
informasi,executePasienRawatInap,PROCEDURE,
informasi,executePendapatan,PROCEDURE,
informasi,executePenerimaan,PROCEDURE,
informasi,executePengunjung,PROCEDURE,
informasi,executePenunjang,PROCEDURE,
informasi,executeStatistik10BesarPenyakit,PROCEDURE,
informasi,executeStatistik10BesarPenyakitRujukan,PROCEDURE,
informasi,executeStatistikGolDarah,PROCEDURE,
informasi,executeStatistikIndikator,PROCEDURE,
informasi,executeStatistikKematian,PROCEDURE,
informasi,executeStatistikRujukan,PROCEDURE,
informasi,executeStatistiKunjungan,PROCEDURE,
informasi,executeTempatTidurDipesanTapiTdkDigunakan,PROCEDURE,
informasi,executeTempatTidurTerisiTapiKosong,PROCEDURE,
informasi,getLastDate,FUNCTION,date
informasi,historySeveritySikepo,PROCEDURE,
informasi,infoKetersediaanTempatTidur,PROCEDURE,
informasi,infoRuangKamar,PROCEDURE,
informasi,infoRuangKamarTidur,PROCEDURE,
informasi,InfoRuangKamarTidurDetil,PROCEDURE,
informasi,LayananRawatDaruratIRNA,PROCEDURE,
informasi,LayananRawatDaruratObservasi,PROCEDURE,
informasi,list10DiagnosaRD,PROCEDURE,
informasi,list10DiagnosaRDKemkes,PROCEDURE,
informasi,list10DiagnosaRI,PROCEDURE,
informasi,list10DiagnosaRIKemkes,PROCEDURE,
informasi,list10DiagnosaRJ,PROCEDURE,
informasi,list10DiagnosaRJKemkes,PROCEDURE,
informasi,list10KlaimInacbgRI,PROCEDURE,
informasi,list10KlaimInacbgRJ,PROCEDURE,
informasi,listBedMonitorKemkes,PROCEDURE,
informasi,listBORKemkes,PROCEDURE,
informasi,listIndikatorRS,PROCEDURE,
informasi,listIndikatorRSData,PROCEDURE,
informasi,listIndikatorRSGrafik,PROCEDURE,
informasi,listKlaimIKS,PROCEDURE,
informasi,listKlaimInacbg,PROCEDURE,
informasi,listKunjunganRDKemkes,PROCEDURE,
informasi,listKunjunganRIKemkes,PROCEDURE,
informasi,listKunjunganRJ,PROCEDURE,
informasi,listKunjunganRJKemkes,PROCEDURE,
informasi,listLaboratorium,PROCEDURE,
informasi,listPasienKeluar,PROCEDURE,
informasi,listPasienMasuk,PROCEDURE,
informasi,listPasienRawat,PROCEDURE,
informasi,listPendapatan,PROCEDURE,
informasi,listPenerimaanBank,PROCEDURE,
informasi,listPengunjung,PROCEDURE,
informasi,listRadiologi,PROCEDURE,
informasi,listRuangKamarTidur,PROCEDURE,
informasi,monitoringPasienDirawatSikepo,PROCEDURE,
informasi,monitoringPasienStunting,PROCEDURE,
inventory,adaItemObatYangTervalidasiStok,FUNCTION,int
inventory,CetakBuktiPermintaanBarangInternal,PROCEDURE,
inventory,CetakItemStokOpname,PROCEDURE,
inventory,CetakMaterialRequest,PROCEDURE,
inventory,CetakPenerimaanBarang,PROCEDURE,
inventory,CetakPenerimaanBarangInternal,PROCEDURE,
inventory,cetakPengembalianBarang,PROCEDURE,
inventory,CetakPurchaseOrder,PROCEDURE,
inventory,getGolonganPerBarang,FUNCTION,varchar
inventory,getHargaBarang,PROCEDURE,
inventory,getHargaBeli,FUNCTION,decimal
inventory,getHargaJual,FUNCTION,decimal
inventory,getHargaSph,FUNCTION,decimal
inventory,getHrgDasarBarang,FUNCTION,decimal
inventory,getIdTransaksiStokRuangan,FUNCTION,char
inventory,getJumlahBarangKeluar,FUNCTION,decimal
inventory,getJumlahBarangMasuk,FUNCTION,decimal
inventory,getKeteranganTransaksi,FUNCTION,varchar
inventory,getPeriodeAkhirSo,FUNCTION,datetime
inventory,getStokAkhir,FUNCTION,decimal
inventory,getStokAwal,FUNCTION,decimal
inventory,getStokBarangRuangan,FUNCTION,decimal
inventory,isValidasiRetriksiPelayananResep,FUNCTION,int
inventory,PerencanaanBarang,PROCEDURE,
kemkes,executeTempatTidurRSOnline,PROCEDURE,
kemkes,statistikPasien,PROCEDURE,
kemkes,storePasienTerkonfirmasiTB,PROCEDURE,
kemkes,updateKamarSIMRSOnline,PROCEDURE,
kemkes-ihs,anamnesisToCondition,PROCEDURE,
kemkes-ihs,catatanHasilLabToDignosticReport,PROCEDURE,
kemkes-ihs,catatanHasilRadToDignosticReport,PROCEDURE,
kemkes-ihs,dashboardPengiriman,PROCEDURE,
kemkes-ihs,dateFormatUTC,FUNCTION,varchar
kemkes-ihs,diagnosaToConditition,PROCEDURE,
kemkes-ihs,edukasiToComposition,PROCEDURE,
kemkes-ihs,episodeOfCare,PROCEDURE,
kemkes-ihs,executeTransaction,PROCEDURE,
kemkes-ihs,faktorRisikoToObservation,PROCEDURE,
kemkes-ihs,getBza,FUNCTION,json
kemkes-ihs,getEncounter,FUNCTION,json
kemkes-ihs,getIdentifierUrutanLayananResep,FUNCTION,json
kemkes-ihs,getIdentifierUrutanOrderResep,FUNCTION,json
kemkes-ihs,getLocationForEncounter,FUNCTION,json
kemkes-ihs,getLoincDeskription,FUNCTION,json
kemkes-ihs,getObjectMappingReferensi,FUNCTION,json
kemkes-ihs,getObJectReference,FUNCTION,json
kemkes-ihs,getOrganization,FUNCTION,json
kemkes-ihs,getParameterHasilLoincDeskription,FUNCTION,json
kemkes-ihs,getPatient,FUNCTION,json
kemkes-ihs,getPatientAddress,FUNCTION,json
kemkes-ihs,getPatientCommunication,FUNCTION,json
kemkes-ihs,getPatientTelecom,FUNCTION,json
kemkes-ihs,getPeriode,FUNCTION,json
kemkes-ihs,getPractitioner,FUNCTION,json
kemkes-ihs,getSnomedCt,FUNCTION,json
kemkes-ihs,getStatusHistory,FUNCTION,json
kemkes-ihs,getStatusPendaftaran,FUNCTION,char
kemkes-ihs,getValueTelaahResep,FUNCTION,int
kemkes-ihs,handlingAccountCoverage,PROCEDURE,
kemkes-ihs,hasilLabToObservation,PROCEDURE,
kemkes-ihs,hasilPaToCondition,PROCEDURE,
kemkes-ihs,hasilRadToObservation,PROCEDURE,
kemkes-ihs,jadwalKontrolToServiceRequest,PROCEDURE,
kemkes-ihs,keluhanUtamaToCondition,PROCEDURE,
kemkes-ihs,orderResepToMedication,PROCEDURE,
kemkes-ihs,pasienEncounterNull,PROCEDURE,
kemkes-ihs,pasienPulangToCarePlan,PROCEDURE,
kemkes-ihs,pasienToPatient,PROCEDURE,
kemkes-ihs,pegawaiToPractitioner,PROCEDURE,
kemkes-ihs,pelayanaResepToMedication,PROCEDURE,
kemkes-ihs,pemeriksaanEkgToObservation,PROCEDURE,
kemkes-ihs,pendaftaranToConsent,PROCEDURE,
kemkes-ihs,pendaftaranToEncounter,PROCEDURE,
kemkes-ihs,pendaftaranToEncounterPulang,PROCEDURE,
kemkes-ihs,penilaianGraceRiskToObservation,PROCEDURE,
kemkes-ihs,penilaianTumorToCondition,PROCEDURE,
kemkes-ihs,persetujuanDokterPrognosisToClinicalImpression,PROCEDURE,
kemkes-ihs,procedureToProcedure,PROCEDURE,
kemkes-ihs,riwayatAlergiToAllergyIntolerance,PROCEDURE,
kemkes-ihs,riwayatLainyaToObservation,PROCEDURE,
kemkes-ihs,riwayatPenyakitDahuluToCondition,PROCEDURE,
kemkes-ihs,ruanganToOrganization,PROCEDURE,
kemkes-ihs,ruangKamarTidurToLocation,PROCEDURE,
kemkes-ihs,ruangKamarToLocation,PROCEDURE,
kemkes-ihs,storeAccount,PROCEDURE,
kemkes-ihs,storeCoverage,PROCEDURE,
kemkes-ihs,tandaVitalToObservation,PROCEDURE,
kemkes-ihs,telaahResepToQuestionnaireResponse,PROCEDURE,
kemkes-ihs,tindakanLabToServiceRequest,PROCEDURE,
kemkes-ihs,tindakanRadToServiceRequest,PROCEDURE,
kemkes-rsonline,executeTempatTidurRSOnline,PROCEDURE,
kemkes-rsonline,statistikPasien,PROCEDURE,
kemkes-rsonline,updateKamarSIMRSOnline,PROCEDURE,
kemkes-sirs,ambilDataRL12,PROCEDURE,
kemkes-sirs,ambilDataRL13,PROCEDURE,
kemkes-sirs,ambilDataRL2,PROCEDURE,
kemkes-sirs,ambilDataRL31,PROCEDURE,
kemkes-sirs,ambilDataRL310,PROCEDURE,
kemkes-sirs,ambilDataRL311,PROCEDURE,
kemkes-sirs,ambilDataRL312,PROCEDURE,
kemkes-sirs,ambilDataRL313,PROCEDURE,
kemkes-sirs,ambilDataRL313B,PROCEDURE,
kemkes-sirs,ambilDataRL314,PROCEDURE,
kemkes-sirs,ambilDataRL315,PROCEDURE,
kemkes-sirs,ambilDataRL32,PROCEDURE,
kemkes-sirs,ambilDataRL33,PROCEDURE,
kemkes-sirs,ambilDataRL34,PROCEDURE,
kemkes-sirs,ambilDataRL35,PROCEDURE,
kemkes-sirs,ambilDataRL36,PROCEDURE,
kemkes-sirs,ambilDataRL37,PROCEDURE,
kemkes-sirs,ambilDataRL38,PROCEDURE,
kemkes-sirs,ambilDataRL39,PROCEDURE,
kemkes-sirs,ambilDataRL4A,PROCEDURE,
kemkes-sirs,ambilDataRL4ASebab,PROCEDURE,
kemkes-sirs,ambilDataRL4B,PROCEDURE,
kemkes-sirs,ambilDataRL4BSebab,PROCEDURE,
kemkes-sirs,ambilDataRL51,PROCEDURE,
kemkes-sirs,ambilDataRL52,PROCEDURE,
kemkes-sirs,ambilDataRL53,PROCEDURE,
kemkes-sirs,ambilDataRL54,PROCEDURE,
laporan,LaporanBarangExpiredDate,PROCEDURE,
laporan,LaporanBarangExpiredDatePerTanggalPenerimaan,PROCEDURE,
laporan,LaporanBarangMasukKeluarRuangan,PROCEDURE,
laporan,LaporanBarangPerTransaksi,PROCEDURE,
laporan,LaporanBelumKlikBayar,PROCEDURE,
laporan,LaporanBelumKlikBayarIKS,PROCEDURE,
laporan,LaporanCPPTApoteker,PROCEDURE,
laporan,LaporanDetailKoreksi,PROCEDURE,
laporan,LaporanDetailTransaksiTmTk,PROCEDURE,
laporan,LaporanDistribusiPendapatanPerPasien,PROCEDURE,
laporan,LaporanDokterPerpasienTglTindakan,PROCEDURE,
laporan,LaporanFakturJatuhTempo,PROCEDURE,
laporan,LaporanFarmasiPerobat,PROCEDURE,
laporan,LaporanFarmasiPerobatPerBulan,PROCEDURE,
laporan,LaporanFarmasiPerpasien,PROCEDURE,
laporan,LaporanFarmasiTermahal,PROCEDURE,
laporan,LaporanGrafikBJ,PROCEDURE,
laporan,LaporanHariPerawatan,PROCEDURE,
laporan,LaporanJadwalOperasi,PROCEDURE,
laporan,LaporanJasaAnastesiPerPasien,PROCEDURE,
laporan,LaporanJasaAnastesiPerPasienPalu,PROCEDURE,
laporan,LaporanJasaAsistenPerPasienPalu,PROCEDURE,
laporan,LaporanJasaDokterPerPasien,PROCEDURE,
laporan,LaporanJasaDokterPerPasien1,PROCEDURE,
laporan,LaporanJasaDokterPerPasienPalu,PROCEDURE,
laporan,LaporanJasaPenataPerPasienPalu,PROCEDURE,
laporan,LaporanJasaPerCaraBayar,PROCEDURE,
laporan,LaporanJasaPerPasien,PROCEDURE,
laporan,LaporanJasaPerPasienPerTindakan,PROCEDURE,
laporan,LaporanJasaPerUnit,PROCEDURE,
laporan,LaporanJasaRekapAnastesi,PROCEDURE,
laporan,LaporanJasaRekapDokter,PROCEDURE,
laporan,LaporanKegiatanRawatInap,PROCEDURE,
laporan,LaporanKegiatanRawatInapPerKelas,PROCEDURE,
laporan,LaporanKepatuhanFormularium,PROCEDURE,
laporan,LaporanKlaimBPJS,PROCEDURE,
laporan,LaporanKlaimTerpisah,PROCEDURE,
laporan,LaporanKlikBayarKasirPerPasien,PROCEDURE,
laporan,LaporanKlikBayarPerKasir,PROCEDURE,
laporan,LaporanKunjunganPerCaraBayar,PROCEDURE,
laporan,LaporanKunjunganPerHari,PROCEDURE,
laporan,LaporanKunjunganPerpasien,PROCEDURE,
laporan,LaporanKunjunganPerUnit,PROCEDURE,
laporan,LaporanKunjunganRekap,PROCEDURE,
laporan,LaporanLamaDirawat,PROCEDURE,
laporan,LaporanMonitoringPengunjung,PROCEDURE,
laporan,LaporanMutasiBarang,PROCEDURE,
laporan,LaporanObatResepTidakTerlayani,PROCEDURE,
laporan,LaporanObatStagnan,PROCEDURE,
laporan,LaporanPasienDirawat,PROCEDURE,
laporan,LaporanPasienGrouping,PROCEDURE,
laporan,LaporanPasienKeluar,PROCEDURE,
laporan,LaporanPasienMasuk,PROCEDURE,
laporan,LaporanPasienMasukdanPindah,PROCEDURE,
laporan,LaporanPasienMeninggal,PROCEDURE,
laporan,LaporanPasienODC,PROCEDURE,
laporan,LaporanPasienOperasi,PROCEDURE,
laporan,LaporanPasienPerICD10,PROCEDURE,
laporan,LaporanPasienPerICD9CM,PROCEDURE,
laporan,LaporanPelayananBonSisa,PROCEDURE,
laporan,LaporanPelayananPaketFarmasiPerPasien,PROCEDURE,
laporan,LaporanPelayananPaketFarmasiPerPasienKlikBayar,PROCEDURE,
laporan,LaporanPelayananResepRacikan,PROCEDURE,
laporan,LaporanPendapatanPerCaraBayar,PROCEDURE,
laporan,LaporanPendapatanPerKelas,PROCEDURE,
laporan,LaporanPendapatanPerPasien,PROCEDURE,
laporan,LaporanPendapatanPerPasienIKS,PROCEDURE,
laporan,LaporanPendapatanPerPasienPerUnit,PROCEDURE,
laporan,LaporanPendapatanPerUnit,PROCEDURE,
laporan,LaporanPenerimaanBarangExternal,PROCEDURE,
laporan,LaporanPenggunaanO2,PROCEDURE,
laporan,LaporanPenggunaanObatAlkesTerbanyak,PROCEDURE,
laporan,LaporanPengirimanAmpraRuangan,PROCEDURE,
laporan,LaporanPengirimanInternalFarmasi,PROCEDURE,
laporan,LaporanPengunjungBelumCoding,PROCEDURE,
laporan,LaporanPengunjungBelumGrouping,PROCEDURE,
laporan,LaporanPengunjungPerCaraBayar,PROCEDURE,
laporan,LaporanPengunjungPerHari,PROCEDURE,
laporan,LaporanPengunjungPerpasien,PROCEDURE,
laporan,LaporanPengunjungRekap,PROCEDURE,
laporan,LaporanPengunjungRujukan,PROCEDURE,
laporan,LaporanPenjadwalanOperasi,PROCEDURE,
laporan,LaporanPenjualanDetil,PROCEDURE,
laporan,LaporanPenjualanPerobat,PROCEDURE,
laporan,LaporanPenulisanResep,PROCEDURE,
laporan,LaporanPergerakanBarang,PROCEDURE,
laporan,LaporanPermintaanBarangInternal,PROCEDURE,
laporan,LaporanPerSeverity,PROCEDURE,
laporan,LaporanPrescribingError,PROCEDURE,
laporan,LaporanRekapKoreksiPerAlasan,PROCEDURE,
laporan,LaporanRekapLayananFarmasi,PROCEDURE,
laporan,LaporanRekapOrderFarmasiPerobat,PROCEDURE,
laporan,LaporanRekapPasienKeluar,PROCEDURE,
laporan,LaporanRekapPasienMeninggal,PROCEDURE,
laporan,LaporanRekapPelayananResepFarmasiPerBulan,PROCEDURE,
laporan,LaporanRekapPelayananResepRacikan,PROCEDURE,
laporan,LaporanRekapPenerimaanBarangPerFaktur,PROCEDURE,
laporan,LaporanRekapPenerimaanBarangPerPbf,PROCEDURE,
laporan,LaporanRekapPerICD10,PROCEDURE,
laporan,LaporanRekapPerICD10Kecamatan,PROCEDURE,
laporan,LaporanRekapPerICD9CM,PROCEDURE,
laporan,LaporanRekapRegistrasiPerUser,PROCEDURE,
laporan,LaporanRekapResepJaminan,PROCEDURE,
laporan,LaporanRekapResepUnit,PROCEDURE,
laporan,LaporanRekonsiliasi,PROCEDURE,
laporan,LaporanResponTime,PROCEDURE,
laporan,LaporanResponTimeIGD,PROCEDURE,
laporan,LaporanResponTimeIKT,PROCEDURE,
laporan,LaporanResponTimeLabPA,PROCEDURE,
laporan,LaporanReturPelayananObat,PROCEDURE,
laporan,LaporanRL12,PROCEDURE,
laporan,LaporanRL13,PROCEDURE,
laporan,LaporanRL2,PROCEDURE,
laporan,LaporanRL31,PROCEDURE,
laporan,LaporanRL310,PROCEDURE,
laporan,LaporanRL311,PROCEDURE,
laporan,LaporanRL312,PROCEDURE,
laporan,LaporanRL313,PROCEDURE,
laporan,LaporanRL313A,PROCEDURE,
laporan,LaporanRL313B,PROCEDURE,
laporan,LaporanRL314,PROCEDURE,
laporan,LaporanRL315,PROCEDURE,
laporan,LaporanRL31PerUnit,PROCEDURE,
laporan,LaporanRL32,PROCEDURE,
laporan,LaporanRL33,PROCEDURE,
laporan,LaporanRL34,PROCEDURE,
laporan,LaporanRL35,PROCEDURE,
laporan,LaporanRL36,PROCEDURE,
laporan,LaporanRL37,PROCEDURE,
laporan,LaporanRL38,PROCEDURE,
laporan,LaporanRL39,PROCEDURE,
laporan,LaporanRL4A,PROCEDURE,
laporan,LaporanRL4AB,PROCEDURE,
laporan,LaporanRL4AKemkes,PROCEDURE,
laporan,LaporanRL4ASebab,PROCEDURE,
laporan,LaporanRL4ASebabKemkes,PROCEDURE,
laporan,LaporanRL4B,PROCEDURE,
laporan,LaporanRL4BSebab,PROCEDURE,
laporan,LaporanRL51,PROCEDURE,
laporan,LaporanRL52,PROCEDURE,
laporan,LaporanRL53,PROCEDURE,
laporan,LaporanRL54,PROCEDURE,
laporan,LaporanRP1,PROCEDURE,
laporan,LaporanRP1Bayi,PROCEDURE,
laporan,LaporanStokOpname,PROCEDURE,
laporan,LaporanStokReal,PROCEDURE,
laporan,LaporanSurveilansRawatInap,PROCEDURE,
laporan,LaporanSurveilansRawatJalan,PROCEDURE,
laporan,LaporanTarifTindakanPerpasienTglMasuk,PROCEDURE,
laporan,LaporanTelaahAkhir,PROCEDURE,
laporan,LaporanVerifikasiPasienGrouping,PROCEDURE,
laporan,LaporanVolTindakanGroupTindakan,PROCEDURE,
laporan,LaporanVolTindakanPerCaraBayar,PROCEDURE,
laporan,LaporanVolTindakanPerkelas,PROCEDURE,
laporan,LaporanVolTindakanPerpasien,PROCEDURE,
laporan,LaporanVolTindakanRekap,PROCEDURE,
laporan,LaporanWaktuTunggu,PROCEDURE,
laporan,LaporanWaktuTungguFarmasi,PROCEDURE,
laporan,MonitoringEresep,PROCEDURE,
laporan,MonitoringKegiatanPelayanan,PROCEDURE,
laporan,MonitoringKegiatanPelayananRekap,PROCEDURE,
laporan,MonitoringLaboratorium,PROCEDURE,
laporan,MonitoringRadiologi,PROCEDURE,
laporan,SensusHarianIkhtisar,PROCEDURE,
laporan,SensusHarianPasienDiPindahkan,PROCEDURE,
laporan,SensusHarianPasienKeluarHidup,PROCEDURE,
laporan,SensusHarianPasienKeluarMati,PROCEDURE,
laporan,SensusHarianPasienMasuk,PROCEDURE,
laporan,SensusHarianPasienPindahan,PROCEDURE,
laporan,SensusHarianRuangan,PROCEDURE,
laporan,TesKolomDinamis,PROCEDURE,
layanan,adaPetugasMedisYgTdkTerisi,FUNCTION,tinyint
layanan,batalFinalPelayananFarmasi,PROCEDURE,
layanan,CetakBonSisaDetil,PROCEDURE,
layanan,CetakEtiket,PROCEDURE,
layanan,CetakFakturDetilResep,PROCEDURE,
layanan,CetakFakturResep,PROCEDURE,
layanan,CetakHasilEvaluasiSST,PROCEDURE,
layanan,CetakHasilExam,PROCEDURE,
layanan,CetakHasilKepekaan,PROCEDURE,
layanan,CetakHasilKultur,PROCEDURE,
layanan,CetakHasilLab,PROCEDURE,
layanan,CetakHasilMikroskopik,PROCEDURE,
layanan,CetakHasilPa,PROCEDURE,
layanan,CetakHasilPaImunoflurosensi,PROCEDURE,
layanan,CetakHasilPaMolekuler,PROCEDURE,
layanan,CetakHasilPCR,PROCEDURE,
layanan,CetakHasilRad,PROCEDURE,
layanan,CetakHasilRad1,PROCEDURE,
layanan,CetakJobListLab,PROCEDURE,
layanan,CetakJobListRad,PROCEDURE,
layanan,CetakLabelPA,PROCEDURE,
layanan,CetakOrderDetilResep,PROCEDURE,
layanan,CetakOrderDetilResepKPO,PROCEDURE,
layanan,CetakOrderDetilResepNoProtokol,PROCEDURE,
layanan,CetakOrderDetilResepProtokol,PROCEDURE,
layanan,CetakOrderResep,PROCEDURE,
layanan,CetakProgramPendampinganDanPengawasan,PROCEDURE,
layanan,CetakResep,PROCEDURE,
layanan,CetakTelaahResep,PROCEDURE,
layanan,createOrderResepIterasi,PROCEDURE,
layanan,executeBatalOrderResep,PROCEDURE,
layanan,executeRecalculateMutasiBarang,PROCEDURE,
layanan,finalPelayananFarmasi,PROCEDURE,
layanan,getBatasLayananSetelahRetur,FUNCTION,date
layanan,getDeskripsiHasilRad,FUNCTION,text
layanan,getIterasiKontrol,FUNCTION,tinyint
layanan,getJumlahObatKPO,FUNCTION,varchar
layanan,getJumlahTindakan,FUNCTION,smallint
layanan,getKunjunganKpo,PROCEDURE,
layanan,getProtokolObat,FUNCTION,varchar
layanan,getResepPulang,FUNCTION,tinyint
layanan,getStatusTelaahResep,FUNCTION,tinyint
layanan,getTanggalFarmasiTerakhir,FUNCTION,datetime
layanan,getTanggalKPO,FUNCTION,char
layanan,getTanggalKPOTerakhir,FUNCTION,date
layanan,getTanggalTindakanTerakhir,FUNCTION,datetime
layanan,getTanggalTransaksiTerakhir,FUNCTION,datetime
layanan,getTanggalTransaksiTerakhirByKunjungan,FUNCTION,datetime
layanan,getTotalPemakaianO2,FUNCTION,decimal
layanan,masihAdaKunjunganBlmFinal,PROCEDURE,
layanan,masihAdaOrderKonsulMutasiYgBlmDiterima,PROCEDURE,
layanan,setTglBatasLayananAfterRetur,PROCEDURE,
layanan,storeFormulirAntimikroba,PROCEDURE,
layanan,storeFormulirAntimikrobaHasilLab,PROCEDURE,
layanan,storeFormulirAntimikrobaHasilRad,PROCEDURE,
layanan,storeFormulirAntimikrobaPemeriksaanUmum,PROCEDURE,
layanan,storeNilaiKritisLab,PROCEDURE,
layanan,storeOrderLabDiTindakan,PROCEDURE,
layanan,storeOrderRadDiTindakan,PROCEDURE,
layanan,storeOrderResepDetailProtokol,PROCEDURE,
layanan,storeOrderResepDiFarmasi,PROCEDURE,
layanan,storeProtokolDetail,PROCEDURE,
layanan,storeProtokolDetailObat,PROCEDURE,
layanan,storeUpdateFarmasiKpo,PROCEDURE,
lis,createKunjunganLab,FUNCTION,char
lis,createTindakanMedis,FUNCTION,char
lis,getDokterJaga,FUNCTION,smallint
lis,getKunjunganTerakhir,FUNCTION,char
lis,getPendaftaranTerakhir,FUNCTION,char
lis,pasienIsValid,FUNCTION,tinyint
lis,storeHasilLabMicroAntibiotikToHIS,PROCEDURE,
lis,storeHasilLabMicroOrganismToHIS,PROCEDURE,
lis,storeHasilLabToHIS,PROCEDURE,
master,CetakBarcodeRM,PROCEDURE,
master,getAlamatPasien,FUNCTION,varchar
master,getAsalIRD,FUNCTION,varchar
master,getAturanPakai,FUNCTION,varchar
master,getAturanPakai2,FUNCTION,varchar
master,getAturanPakaiDenganFrekuensiDanRute,FUNCTION,varchar
master,getBulanIndo,FUNCTION,varchar
master,getCariUmur,FUNCTION,varchar
master,getCariUmurBulan,FUNCTION,int
master,getDeskripsiICD,FUNCTION,varchar
master,getDiagnosa,FUNCTION,text
master,getDiagnosaMeninggal,FUNCTION,text
master,getDiagnosaMR1,FUNCTION,text
master,getDiagnosaPasien,FUNCTION,text
master,getDokterTindakan,FUNCTION,text
master,getDPJP,FUNCTION,varchar
master,getFormatNorm,FUNCTION,char
master,getHeaderKategoriBarang,FUNCTION,varchar
master,getHeaderLaporan,FUNCTION,varchar
master,getICD10,FUNCTION,varchar
master,getICD9CM,FUNCTION,text
master,getJawabanKonsul,FUNCTION,text
master,getJenisKunjunganSebelumnya,FUNCTION,char
master,getKelompokUmur,FUNCTION,int
master,getKelompokUmurICDTerbanyak,FUNCTION,int
master,getKelompokUmurKemkes,FUNCTION,int
master,getKelompokUmurSurveilans,FUNCTION,int
master,getKodeDiagnosa,FUNCTION,text
master,getKodeDiagnosaMeninggal,FUNCTION,text
master,getKodeDiagnosaPasien,FUNCTION,text
master,getKodeICD,FUNCTION,text
master,getKodeICD10,FUNCTION,char
master,getKodeICD9,FUNCTION,char
master,getKodeICD9CM,FUNCTION,text
master,getKodeICDCM,FUNCTION,text
master,getKonsulAnastesi,FUNCTION,text
master,getKsmSubspesialis,FUNCTION,varchar
master,getNamaDanGelar,FUNCTION,varchar
master,getNamaLengkap,FUNCTION,varchar
master,getNamaLengkapPegawai,FUNCTION,varchar
master,getNomorKonsul,FUNCTION,text
master,getNopenIRD,FUNCTION,char
master,getNopenIRNA,FUNCTION,char
master,getPelaksanaOperasi,FUNCTION,text
master,getPelaksanaOperasi2,FUNCTION,text
master,getPetugasMedis,FUNCTION,text
master,getPetugasMedisTindakan,FUNCTION,text
master,getProsedurePasien,FUNCTION,text
master,getReplaceFont,FUNCTION,text
master,getRuangKonsul,FUNCTION,text
master,getRuangPenunjang,FUNCTION,text
master,getSepIRD,FUNCTION,char
master,getSepIRNA,FUNCTION,char
master,getSMFDokter,FUNCTION,varchar
master,getTarifAdministrasi,PROCEDURE,
master,getTarifAdministrasiBerdasarkanJenisPasien,PROCEDURE,
master,getTarifDiskon,PROCEDURE,
master,getTarifFarmasiPerKelas,FUNCTION,decimal
master,getTarifMarginPenjaminFarmasi,FUNCTION,decimal
master,getTarifO2,PROCEDURE,
master,getTarifPaket,PROCEDURE,
master,getTarifPaketDetil,PROCEDURE,
master,getTarifRuangRawat,FUNCTION,int
master,getTarifRuangRawat,PROCEDURE,
master,getTarifRuangRawatByKelas,PROCEDURE,
master,getTarifTindakan,PROCEDURE,
master,getTblDiagnosa,FUNCTION,text
master,getTempatLahir,FUNCTION,varchar
master,getTglAsesmenAwal,FUNCTION,text
master,getTglHasilLab,FUNCTION,text
master,getTglTindakanAwal,FUNCTION,text
master,getTindakan,FUNCTION,text
master,getTindakanKonsul,FUNCTION,text
master,getTindakanKunjungan,FUNCTION,text
master,getTindakanPenunjang,FUNCTION,text
master,getTindakanTanpaKonsultasi,FUNCTION,text
master,getUmurTahun,FUNCTION,tinyint
master,getWilayah,FUNCTION,varchar
master,inPaket,PROCEDURE,
master,isRawatInap,FUNCTION,tinyint
master,prosesDistribusiTarif,PROCEDURE,
master,remove_html_tags,FUNCTION,text
master,storeJenisPeserta,PROCEDURE,
master,storePPKBPJS,PROCEDURE,
master,storeRefRuanganFromBPJS,PROCEDURE,
master,tambahSemuaDokterKeRuangan,PROCEDURE,
master,tambahSemuaSMFKeRuangan,PROCEDURE,
medicalrecord,CatatanMedik,PROCEDURE,
medicalrecord,CetakAsuhanKeperawatan,PROCEDURE,
medicalrecord,CetakAsuhanKeperawatanDetail,PROCEDURE,
medicalrecord,CetakBAEP,PROCEDURE,
medicalrecord,CetakBAEPDetail,PROCEDURE,
medicalrecord,CetakBarthelIndex,PROCEDURE,
medicalrecord,CetakCPPT,PROCEDURE,
medicalrecord,CetakHasilEEG,PROCEDURE,
medicalrecord,CetakHasilEMG,PROCEDURE,
medicalrecord,CetakHasilUsgGN,PROCEDURE,
medicalrecord,CetakHemodialisa1,PROCEDURE,
medicalrecord,CetakKesiapanAnastesi,PROCEDURE,
medicalrecord,CetakKeteranganMeninggal,PROCEDURE,
medicalrecord,CetakKeteranganOpname,PROCEDURE,
medicalrecord,CetakKFR,PROCEDURE,
medicalrecord,CetakLapOperasi,PROCEDURE,
medicalrecord,CetakMCU,PROCEDURE,
medicalrecord,CetakMR1,PROCEDURE,
medicalrecord,CetakMR17,PROCEDURE,
medicalrecord,CetakMR1C,PROCEDURE,
medicalrecord,CetakMR2,PROCEDURE,
medicalrecord,CetakMR2Diagnosa,PROCEDURE,
medicalrecord,CetakMR2Obat,PROCEDURE,
medicalrecord,CetakMR2ProsedurLain,PROCEDURE,
medicalrecord,CetakMR4,PROCEDURE,
medicalrecord,CetakMR4RDRI,PROCEDURE,
medicalrecord,CetakMR5,PROCEDURE,
medicalrecord,CetakObatRJ,PROCEDURE,
medicalrecord,CetakPenyebabKematian,PROCEDURE,
medicalrecord,CetakPenyinaranRadioterapi,PROCEDURE,
medicalrecord,CetakPermohonanDPJP,PROCEDURE,
medicalrecord,CetakPersetujuanTindakan,PROCEDURE,
medicalrecord,CetakPrickTest,PROCEDURE,
medicalrecord,CetakProtokolintervensiNeurorestorasi,PROCEDURE,
medicalrecord,CetakProtokolintervensiNeurorestorasiDetail,PROCEDURE,
medicalrecord,CetakRavenTest,PROCEDURE,
medicalrecord,CetakRekonsiliasiAdmisi,PROCEDURE,
medicalrecord,CetakRekonsiliasiDischarge,PROCEDURE,
medicalrecord,CetakRekonsiliasiTransfer,PROCEDURE,
medicalrecord,CetakSummaryList,PROCEDURE,
medicalrecord,CetakSuratKelahiran,PROCEDURE,
medicalrecord,CetakSuratKetHD,PROCEDURE,
medicalrecord,cetakSuratKontrol,PROCEDURE,
medicalrecord,CetakSuratSakit,PROCEDURE,
medicalrecord,CetakSuratSehat,PROCEDURE,
medicalrecord,CetakTranscanialDoppler,PROCEDURE,
medicalrecord,CetakTransfusiDarahChecklist,PROCEDURE,
medicalrecord,CetakTransfusiDarahDetail,PROCEDURE,
medicalrecord,CetakTransfusiDarahObservasi,PROCEDURE,
medicalrecord,CetakTriage,PROCEDURE,
medicalrecord,CetakTriageDewasa,PROCEDURE,
medicalrecord,DetailSummaryList,PROCEDURE,
medicalrecord,getHasilLaboratoriumResume,FUNCTION,text
medicalrecord,getHasilPenunjang,FUNCTION,text
medicalrecord,getHasilRadiologiResume,FUNCTION,text
medicalrecord,getPersentaseDiagnosaKeperawatan,PROCEDURE,
medicalrecord,getPersentaseDiagnosaKeperawatanFaktorResiko,PROCEDURE,
medicalrecord,getResumeTindakanMedis,PROCEDURE,
medicalrecord,getSurkonBedaTanggal,PROCEDURE,
medicalrecord,getTotalBallancerCairan,PROCEDURE,
medicalrecord,getTotalBarthelIndex,FUNCTION,text
medicalrecord,getTotalBarthelIndexModification,FUNCTION,text
medicalrecord,getTotalDekubitus,FUNCTION,text
medicalrecord,grafikGrowChart,PROCEDURE,
medicalrecord,grafikSkalaMorse,PROCEDURE,
medicalrecord,grafikSkalaNyeri,PROCEDURE,
medicalrecord,grafikTandaVital,PROCEDURE,
medicalrecord,listDiagnosaFarmasi,PROCEDURE,
medicalrecord,listHasilLab,PROCEDURE,
medicalrecord,listHasilLabDetil,PROCEDURE,
medicalrecord,listHasilRad,PROCEDURE,
medicalrecord,listHasilRadDetil,PROCEDURE,
medicalrecord,ListInstrumen,PROCEDURE,
medicalrecord,listTindakan,PROCEDURE,
medicalrecord,PemberianInfo,PROCEDURE,
pembayaran,adaPenunjang,FUNCTION,tinyint
pembayaran,batalGabungTagihan,PROCEDURE,
pembayaran,batalkanStoreFarmasi,PROCEDURE,
pembayaran,batalRincianTagihan,PROCEDURE,
pembayaran,buatTagihan,FUNCTION,char
pembayaran,buatTagihanTerpisah,FUNCTION,char
pembayaran,cekGabungTagihanBerdasarkanNopen,FUNCTION,tinyint
pembayaran,CetakDeposit,PROCEDURE,
pembayaran,CetakEDC,PROCEDURE,
pembayaran,CetakJasaDokterKasir,PROCEDURE,
pembayaran,CetakJasaDokterKasirPaket,PROCEDURE,
pembayaran,CetakKwitansi,PROCEDURE,
pembayaran,CetakKwitansiPenjualan,PROCEDURE,
pembayaran,CetakRekapPasien,PROCEDURE,
pembayaran,CetakRincianKegiatanPasien,PROCEDURE,
pembayaran,CetakRincianPasien,PROCEDURE,
pembayaran,CetakRincianPasienGroup,PROCEDURE,
pembayaran,CetakRincianPasienObat,PROCEDURE,
pembayaran,CetakRincianPasienPaket,PROCEDURE,
pembayaran,CetakRincianPasienPerDokter,PROCEDURE,
pembayaran,CetakRincianPasienPerDokter_lama,PROCEDURE,
pembayaran,CetakRincianPenjualan,PROCEDURE,
pembayaran,CetakRincianPiutang,PROCEDURE,
pembayaran,CetakSetoranIKS,PROCEDURE,
pembayaran,CetakSetoranKasir,PROCEDURE,
pembayaran,CetakSetoranKasirNonTunai,PROCEDURE,
pembayaran,CetakSetoranKasirPenjualanNonTunai,PROCEDURE,
pembayaran,CetakSetoranKasirPenjualanTunai,PROCEDURE,
pembayaran,CetakTransfer,PROCEDURE,
pembayaran,finalkanKunjunganBlmFinal,PROCEDURE,
pembayaran,getDataJumlahLamaDirawatDanVisiteDokterPerawat,FUNCTION,varchar
pembayaran,getIdTagihan,FUNCTION,char
pembayaran,getIdTagihanTerpisah,FUNCTION,char
pembayaran,getInfoTagihanKunjungan,FUNCTION,varchar
pembayaran,getJumlahItemRincian,FUNCTION,decimal
pembayaran,getJumlahItemRincianPaket,FUNCTION,decimal
pembayaran,getKelasKunjunganRIYgPertama,FUNCTION,smallint
pembayaran,getKelasRJMengikutiKelasRIYgPertama,FUNCTION,smallint
pembayaran,getSkripRincianTagihan,FUNCTION,varchar
pembayaran,getSkripRincianTagihanHakKelas,FUNCTION,varchar
pembayaran,getSkripRincianTagihanObat,FUNCTION,varchar
pembayaran,getSkripRincianTagihanPaket,FUNCTION,varchar
pembayaran,getTanggalTerakhirPembayaran,FUNCTION,datetime
pembayaran,getTotalDeposit,FUNCTION,decimal
pembayaran,getTotalDiskon,FUNCTION,decimal
pembayaran,getTotalDiskonAdministrasi,FUNCTION,decimal
pembayaran,getTotalDiskonDokter,FUNCTION,decimal
pembayaran,getTotalDiskonParamedis,FUNCTION,decimal
pembayaran,getTotalDiskonSarana,FUNCTION,decimal
pembayaran,getTotalEDC,FUNCTION,decimal
pembayaran,getTotalNonTunai,FUNCTION,decimal
pembayaran,getTotalPembayaran,FUNCTION,decimal
pembayaran,getTotalPengembalianDeposit,FUNCTION,decimal
pembayaran,getTotalPenjaminTagihan,FUNCTION,decimal
pembayaran,getTotalPiutangPasien,FUNCTION,decimal
pembayaran,getTotalPiutangPerorangan,PROCEDURE,
pembayaran,getTotalPiutangPerusahaan,PROCEDURE,
pembayaran,getTotalPiutangPerusahaan,FUNCTION,decimal
pembayaran,getTotalSubsidiTagihan,FUNCTION,decimal
pembayaran,getTotalTagihan,FUNCTION,decimal
pembayaran,getTotalTagihanPembayaran,FUNCTION,decimal
pembayaran,hitungPembulatan,PROCEDURE,
pembayaran,hitungRincianTagihan,PROCEDURE,
pembayaran,hitungTotalPenerimaanTunaiDiKasir,PROCEDURE,
pembayaran,hitungTotalTagihanPenjualan,PROCEDURE,
pembayaran,isFinalTagihan,FUNCTION,tinyint
pembayaran,isTagihanPendaftaranTerpisah,FUNCTION,tinyint
pembayaran,isTagihanTerkunci,FUNCTION,tinyint
pembayaran,isTagihanTerpisah,FUNCTION,tinyint
pembayaran,listRincianTagihan,PROCEDURE,
pembayaran,masihAdaKunjunganBlmFinal,PROCEDURE,
pembayaran,masihAdaOrderKonsulMutasiYgBlmDiterima,PROCEDURE,
pembayaran,procStoreTagihanKlaim,PROCEDURE,
pembayaran,prosesDistribusiTarif,PROCEDURE,
pembayaran,prosesPerhitunganAturan1,PROCEDURE,
pembayaran,prosesPerhitunganAturan3,PROCEDURE,
pembayaran,prosesPerhitunganBPJS,PROCEDURE,
pembayaran,prosesPerhitunganBPJSMode1,PROCEDURE,
pembayaran,prosesPerhitunganBPJSMode2,PROCEDURE,
pembayaran,prosesPerhitunganBPJSMode3,PROCEDURE,
pembayaran,prosesPerhitunganBPJSMode4,PROCEDURE,
pembayaran,prosesPerhitunganBPJSMode5,PROCEDURE,
pembayaran,prosesPerhitunganBPJSSebelum2023,PROCEDURE,
pembayaran,prosesPerhitunganJasaRaharja,PROCEDURE,
pembayaran,prosesPerhitunganTotalTagihanPerkelas,PROCEDURE,
pembayaran,reProsesDistribusiTarif,PROCEDURE,
pembayaran,reStoreTagihan,PROCEDURE,
pembayaran,storeAdministrasiFarmasi,PROCEDURE,
pembayaran,storeAdministrasiKarcis,PROCEDURE,
pembayaran,storeAdministrasiKartu,PROCEDURE,
pembayaran,storeAkomodasi,PROCEDURE,
pembayaran,storeFarmasi,PROCEDURE,
pembayaran,storeO2,PROCEDURE,
pembayaran,storePenjaminTagihan,PROCEDURE,
pembayaran,storeRincianTagihan,PROCEDURE,
pembayaran,storeRincianTagihanInacbg,PROCEDURE,
pembayaran,storeRincianTagihanPaket,PROCEDURE,
pembayaran,storeTindakanMedis,PROCEDURE,
pendaftaran,CetakBarcodeReg,PROCEDURE,
pendaftaran,CetakBuktiKonsul,PROCEDURE,
pendaftaran,CetakBuktiRegistrasi,PROCEDURE,
pendaftaran,CetakRujukanKeluar,PROCEDURE,
pendaftaran,CetakSEP,PROCEDURE,
pendaftaran,CetakSuratKelahiran,PROCEDURE,
pendaftaran,CetakTracertPasien,PROCEDURE,
pendaftaran,doProsesPaket,PROCEDURE,
pendaftaran,getJumlahAntrianTempatTidur,FUNCTION,smallint
pendaftaran,getLamaDirawat,FUNCTION,smallint
pendaftaran,getLamaDirawatAturan1,FUNCTION,smallint
pendaftaran,getLamaDirawatAturan2,FUNCTION,smallint
pendaftaran,getLamaDirawatSebelumnya,FUNCTION,smallint
pendaftaran,getPendaftaranAsal,FUNCTION,json
pendaftaran,ikutRawatInapIbu,FUNCTION,tinyint
pendaftaran,sudahTerdaftarSKDP,FUNCTION,tinyint
pendaftaran,updateTanggalAdministrasiDanTagihan,PROCEDURE,
penjamin_rs,getKenaikanTarif,FUNCTION,decimal
penjualan,CetakEtiket,PROCEDURE,
penjualan,CetakFakturPenjualan,PROCEDURE,
