nama_schema,nama_tabel,jenis_tabel,mesin
aplikasi,allow_ip_authentication,"BASE TABLE",InnoDB
aplikasi,automaticexecute,"BASE TABLE",InnoDB
aplikasi,automaticexecute_02,"BASE TABLE",InnoDB
aplikasi,automaticexecute_03,"BASE TABLE",InnoDB
aplikasi,group_pengguna_akses_module,"BASE TABLE",InnoDB
aplikasi,info_teks,"BASE TABLE",InnoDB
aplikasi,instansi,"BASE TABLE",InnoDB
aplikasi,integrasi,"BASE TABLE",InnoDB
aplikasi,modules,"BASE TABLE",InnoDB
aplikasi,oauth2,"BASE TABLE",InnoDB
aplikasi,oauth2_access,"BASE TABLE",InnoDB
aplikasi,objek,"BASE TABLE",InnoDB
aplikasi,pengaturan_awal_referensi,"BASE TABLE",InnoDB
aplikasi,pengguna,"BASE TABLE",InnoDB
aplikasi,pengguna_akses,"BASE TABLE",InnoDB
aplikasi,pengguna_akses_ruangan,"BASE TABLE",InnoDB
aplikasi,pengguna_log,"BASE TABLE",InnoDB
aplikasi,petunjuk,"BASE TABLE",InnoDB
aplikasi,printer_list,"BASE TABLE",InnoDB
aplikasi,properti_config,"BASE TABLE",InnoDB
aplikasi,signature,"BASE TABLE",InnoDB
aplikasi,sinkronisasi,"BASE TABLE",InnoDB
berkas_klaim,berkas,"BASE TABLE",InnoDB
berkas_klaim,berkas_detil,"BASE TABLE",InnoDB
berkas_klaim,dokumen_pendukung,"BASE TABLE",InnoDB
berkas_klaim,kelengkapan,"BASE TABLE",InnoDB
berkas_klaim,kelengkapan_komentar,"BASE TABLE",InnoDB
berkas_klaim,lab_klinik,"BASE TABLE",InnoDB
berkas_klaim,lab_klinik_detil,"BASE TABLE",InnoDB
berkas_klaim,obat_farmasi,"BASE TABLE",InnoDB
berkas_klaim,obat_farmasi_detil,"BASE TABLE",InnoDB
berkas_klaim,patologi_anatomi,"BASE TABLE",InnoDB
berkas_klaim,patologi_anatomi_detil,"BASE TABLE",InnoDB
berkas_klaim,radiologi,"BASE TABLE",InnoDB
berkas_klaim,radiologi_detil,"BASE TABLE",InnoDB
berkas_klaim,temp_daftar_dokumen,"BASE TABLE",InnoDB
bpjs,dpjp,"BASE TABLE",InnoDB
bpjs,jenis_referensi,"BASE TABLE",InnoDB
bpjs,kamar,"BASE TABLE",InnoDB
bpjs,klaim,"BASE TABLE",InnoDB
bpjs,kunjungan,"BASE TABLE",InnoDB
bpjs,lpk,"BASE TABLE",InnoDB
bpjs,map_kelas,"BASE TABLE",InnoDB
bpjs,monitoring_rencana_kontrol,"BASE TABLE",InnoDB
bpjs,pengajuan,"BASE TABLE",InnoDB
bpjs,peserta,"BASE TABLE",InnoDB
bpjs,poli,"BASE TABLE",InnoDB
bpjs,ppk,"BASE TABLE",InnoDB
bpjs,prb,"BASE TABLE",InnoDB
bpjs,referensi,"BASE TABLE",InnoDB
bpjs,rencana_kontrol,"BASE TABLE",InnoDB
bpjs,rujukan,"BASE TABLE",InnoDB
bpjs,rujukan_khusus,"BASE TABLE",InnoDB
bpjs,rujukan_masuk,"BASE TABLE",InnoDB
bpjs,tempat_tidur,"BASE TABLE",InnoDB
bpjs-smartclaim,composition_id,"BASE TABLE",InnoDB
bpjs-smartclaim,condition_id,"BASE TABLE",InnoDB
bpjs-smartclaim,diagnostic_report_id,"BASE TABLE",InnoDB
bpjs-smartclaim,encounter_id,"BASE TABLE",InnoDB
bpjs-smartclaim,klaim,"BASE TABLE",InnoDB
bpjs-smartclaim,medication_request_id,"BASE TABLE",InnoDB
bpjs-smartclaim,observation_id,"BASE TABLE",InnoDB
bpjs-smartclaim,organization_id,"BASE TABLE",InnoDB
bpjs-smartclaim,patient_id,"BASE TABLE",InnoDB
bpjs-smartclaim,practitioner_id,"BASE TABLE",InnoDB
bpjs-smartclaim,procedure_id,"BASE TABLE",InnoDB
cetakan,karcis_pasien,"BASE TABLE",InnoDB
cetakan,kartu_pasien,"BASE TABLE",InnoDB
cetakan,kwitansi_pembayaran,"BASE TABLE",InnoDB
document-storage,document,"BASE TABLE",InnoDB
document-storage,document_directory,"BASE TABLE",InnoDB
dukcapil,keluarga,"BASE TABLE",InnoDB
dukcapil,penduduk,"BASE TABLE",InnoDB
gambar,photo_pasien,"BASE TABLE",InnoDB
gambar,photo_pegawai,"BASE TABLE",InnoDB
generator,id_bridge_log,"BASE TABLE",MyISAM
generator,id_farmasi,"BASE TABLE",MyISAM
generator,id_hasil_evaluasi_sst,"BASE TABLE",MyISAM
generator,id_hasil_lab,"BASE TABLE",MyISAM
generator,id_karcis,"BASE TABLE",MyISAM
generator,id_kartu,"BASE TABLE",MyISAM
generator,id_keluarga_pasien,"BASE TABLE",MyISAM
generator,id_o2,"BASE TABLE",MyISAM
generator,id_parameter_tindakan_lab,"BASE TABLE",MyISAM
generator,id_pengguna_akses_log,"BASE TABLE",MyISAM
generator,id_retur_farmasi,"BASE TABLE",MyISAM
generator,id_tindakan_medis,"BASE TABLE",MyISAM
generator,id_waktu_pelayanan_kpo,"BASE TABLE",MyISAM
generator,kode_kejadian,"BASE TABLE",MyISAM
generator,no_antrian,"BASE TABLE",MyISAM
generator,no_antrian_ruangan,"BASE TABLE",MyISAM
generator,no_farmasi_kpo,"BASE TABLE",MyISAM
generator,no_formulir_antimikroba_approve,"BASE TABLE",MyISAM
generator,no_iterasi_obat,"BASE TABLE",MyISAM
generator,no_kejadian,"BASE TABLE",MyISAM
generator,no_konsul,"BASE TABLE",MyISAM
generator,no_kontrol,"BASE TABLE",MyISAM
generator,no_kuitansi,"BASE TABLE",InnoDB
generator,no_kunjungan,"BASE TABLE",MyISAM
generator,no_material_request,"BASE TABLE",MyISAM
generator,no_mutasi,"BASE TABLE",MyISAM
generator,no_order_lab,"BASE TABLE",MyISAM
generator,no_order_rad,"BASE TABLE",MyISAM
generator,no_order_resep,"BASE TABLE",MyISAM
generator,no_pembayaran,"BASE TABLE",InnoDB
generator,no_penawaran_harga,"BASE TABLE",InnoDB
generator,no_pendaftaran,"BASE TABLE",MyISAM
generator,no_penerimaan,"BASE TABLE",MyISAM
generator,no_pengiriman,"BASE TABLE",MyISAM
generator,no_permintaan,"BASE TABLE",MyISAM
generator,no_permintaan_darah,"BASE TABLE",MyISAM
generator,no_protokol_pengobatan,"BASE TABLE",MyISAM
generator,no_protokol_pengobatan_detail,"BASE TABLE",MyISAM
generator,no_purchase_order,"BASE TABLE",InnoDB
generator,no_resep_terlayani_kpo,"BASE TABLE",MyISAM
generator,no_rujukan,"BASE TABLE",MyISAM
generator,no_spri,"BASE TABLE",InnoDB
generator,no_surat_kelahiran,"BASE TABLE",InnoDB
generator,no_surat_opname,"BASE TABLE",InnoDB
generator,no_surat_penawaran_harga,"BASE TABLE",InnoDB
generator,no_surat_sakit,"BASE TABLE",InnoDB
generator,no_surat_sehat,"BASE TABLE",InnoDB
generator,no_tagihan,"BASE TABLE",MyISAM
inacbg,dokumen_pendukung,"BASE TABLE",InnoDB
inacbg,grouping,"BASE TABLE",InnoDB
inacbg,hasil_grouping,"BASE TABLE",InnoDB
inacbg,icd_ina_grouper,"BASE TABLE",InnoDB
inacbg,inacbg,"BASE TABLE",InnoDB
inacbg,jenis_inacbg,"BASE TABLE",InnoDB
inacbg,jenis_map,"BASE TABLE",InnoDB
inacbg,klaim_status,"BASE TABLE",InnoDB
inacbg,komentar,"BASE TABLE",InnoDB
inacbg,list_procedure,"BASE TABLE",InnoDB
inacbg,logs,"BASE TABLE",InnoDB
inacbg,map_inacbg_simrs,"BASE TABLE",InnoDB
inacbg,map_tarif,"BASE TABLE",InnoDB
inacbg,no_urut_berkas,"BASE TABLE",MyISAM
inacbg,tarif_inacbg,"BASE TABLE",InnoDB
inacbg,tipe_inacbg,"BASE TABLE",InnoDB
informasi,diagnosa_rd,"BASE TABLE",InnoDB
informasi,diagnosa_ri,"BASE TABLE",InnoDB
informasi,diagnosa_rj,"BASE TABLE",InnoDB
informasi,indikator_rs,"BASE TABLE",InnoDB
informasi,klaim_iks,"BASE TABLE",InnoDB
informasi,klaim_inacbg,"BASE TABLE",InnoDB
informasi,klaim_inacbg_ri,"BASE TABLE",InnoDB
informasi,klaim_inacbg_rj,"BASE TABLE",InnoDB
informasi,kunjungan,"BASE TABLE",InnoDB
informasi,pasien_rawat_inap,"BASE TABLE",InnoDB
informasi,pendapatan,"BASE TABLE",InnoDB
informasi,penerimaan,"BASE TABLE",InnoDB
informasi,pengunjung,"BASE TABLE",InnoDB
informasi,penunjang,"BASE TABLE",InnoDB
informasi,statistik_10_besar_diagnosa_rujukan,"BASE TABLE",InnoDB
informasi,statistik_10_besar_penyakit,"BASE TABLE",InnoDB
informasi,statistik_gol_darah,"BASE TABLE",InnoDB
informasi,statistik_indikator,"BASE TABLE",InnoDB
informasi,statistik_jumlah_kematian,"BASE TABLE",InnoDB
informasi,statistik_kunjungan,"BASE TABLE",InnoDB
informasi,statistik_mutu_pelayanan,"BASE TABLE",InnoDB
informasi,statistik_pemeriksaan_laboratorium,"BASE TABLE",InnoDB
informasi,statistik_rujukan,"BASE TABLE",InnoDB
informasi,tempat_tidur_kemkes,"BASE TABLE",InnoDB
inventory,barang,"BASE TABLE",InnoDB
inventory,barang_paket_tindakan,"BASE TABLE",InnoDB
inventory,barang_ruangan,"BASE TABLE",InnoDB
inventory,batas_pengambilan_stok_akhir,"BASE TABLE",InnoDB
inventory,dagang,"BASE TABLE",InnoDB
inventory,harga_barang,"BASE TABLE",InnoDB
inventory,jenis_kategori,"BASE TABLE",InnoDB
inventory,jenis_transaksi_stok,"BASE TABLE",InnoDB
inventory,kategori,"BASE TABLE",InnoDB
inventory,material_request,"BASE TABLE",InnoDB
inventory,material_request_detil,"BASE TABLE",InnoDB
inventory,no_seri_barang_ruangan,"BASE TABLE",InnoDB
inventory,pembatalan_penerimaan_barang,"BASE TABLE",InnoDB
inventory,penerimaan,"BASE TABLE",InnoDB
inventory,penerimaan_barang,"BASE TABLE",InnoDB
inventory,penerimaan_barang_detil,"BASE TABLE",InnoDB
inventory,pengembalian_barang,"BASE TABLE",InnoDB
inventory,pengembalian_barang_detil,"BASE TABLE",InnoDB
inventory,penggolongan_barang,"BASE TABLE",InnoDB
inventory,pengiriman,"BASE TABLE",InnoDB
inventory,pengiriman_detil,"BASE TABLE",InnoDB
inventory,penyedia,"BASE TABLE",InnoDB
inventory,permintaan,"BASE TABLE",InnoDB
inventory,permintaan_detil,"BASE TABLE",InnoDB
inventory,purchase_order,"BASE TABLE",InnoDB
inventory,purchase_order_detil,"BASE TABLE",InnoDB
inventory,recalculation,"BASE TABLE",InnoDB
inventory,rumus_perencanaan,"BASE TABLE",InnoDB
inventory,satuan,"BASE TABLE",InnoDB
inventory,stok_opname,"BASE TABLE",InnoDB
inventory,stok_opname_detil,"BASE TABLE",InnoDB
inventory,surat_penawaran_harga,"BASE TABLE",InnoDB
inventory,surat_penawaran_harga_detil,"BASE TABLE",InnoDB
inventory,transaksi_stok_ruangan,"BASE TABLE",InnoDB
kemkes,data_kebutuhan_apd,"BASE TABLE",InnoDB
kemkes,data_kebutuhan_sdm,"BASE TABLE",InnoDB
kemkes,data_tempat_tidur,"BASE TABLE",InnoDB
kemkes,diagnosa_pasien,"BASE TABLE",InnoDB
kemkes,icd_covid19,"BASE TABLE",InnoDB
kemkes,icd_tb,"BASE TABLE",InnoDB
kemkes,jenis_kelamin,"BASE TABLE",InnoDB
kemkes,jenis_pasien,"BASE TABLE",InnoDB
kemkes,kabupaten,"BASE TABLE",InnoDB
kemkes,kamar_simrs_rs_online,"BASE TABLE",InnoDB
kemkes,kebutuhan_apd,"BASE TABLE",InnoDB
kemkes,kebutuhan_sdm,"BASE TABLE",InnoDB
kemkes,kecamatan,"BASE TABLE",InnoDB
kemkes,kewarganegaraan,"BASE TABLE",InnoDB
kemkes,pasien,"BASE TABLE",InnoDB
kemkes,pasien_tb,"BASE TABLE",InnoDB
kemkes,propinsi,"BASE TABLE",InnoDB
kemkes,rekap_pasien_keluar,"BASE TABLE",InnoDB
kemkes,rekap_pasien_komorbid,"BASE TABLE",InnoDB
kemkes,rekap_pasien_masuk,"BASE TABLE",InnoDB
kemkes,rekap_pasien_nonkomorbid,"BASE TABLE",InnoDB
kemkes,reservasi_antrian,"BASE TABLE",InnoDB
kemkes,rujukan,"BASE TABLE",InnoDB
kemkes,sitt,"BASE TABLE",InnoDB
kemkes,status_isolasi,"BASE TABLE",InnoDB
kemkes,status_keluar,"BASE TABLE",InnoDB
kemkes,status_rawat,"BASE TABLE",InnoDB
kemkes,sumber_penularan,"BASE TABLE",InnoDB
kemkes,tempat_tidur,"BASE TABLE",InnoDB
kemkes,terkonfirmasi_tb,"BASE TABLE",InnoDB
kemkes-ihs,account,"BASE TABLE",InnoDB
kemkes-ihs,allergy_intolerance,"BASE TABLE",InnoDB
kemkes-ihs,barang_to_bza,"BASE TABLE",InnoDB
kemkes-ihs,barang_to_poa_pov,"BASE TABLE",InnoDB
kemkes-ihs,bza,"BASE TABLE",InnoDB
kemkes-ihs,care_plan,"BASE TABLE",InnoDB
kemkes-ihs,care_plan_jadwal_kontrol,"BASE TABLE",InnoDB
kemkes-ihs,code_reference,"BASE TABLE",InnoDB
kemkes-ihs,composition,"BASE TABLE",InnoDB
kemkes-ihs,condition,"BASE TABLE",InnoDB
kemkes-ihs,condition_anamnesis,"BASE TABLE",InnoDB
kemkes-ihs,condition_hasil_pa,"BASE TABLE",InnoDB
kemkes-ihs,condition_penilaian_tumor,"BASE TABLE",InnoDB
kemkes-ihs,condition_riwayat_penyakit_dahulu,"BASE TABLE",InnoDB
kemkes-ihs,consent,"BASE TABLE",InnoDB
kemkes-ihs,coverage,"BASE TABLE",InnoDB
kemkes-ihs,diagnosa_to_eof,"BASE TABLE",InnoDB
kemkes-ihs,diagnostic_report,"BASE TABLE",InnoDB
kemkes-ihs,encounter,"BASE TABLE",InnoDB
kemkes-ihs,encounter_account,"BASE TABLE",InnoDB
kemkes-ihs,eof,"BASE TABLE",InnoDB
kemkes-ihs,imaging_study,"BASE TABLE",InnoDB
kemkes-ihs,jenis_kunjungan,"BASE TABLE",InnoDB
kemkes-ihs,keluhan_utama_condition,"BASE TABLE",InnoDB
kemkes-ihs,location,"BASE TABLE",InnoDB
kemkes-ihs,location_ruang_kamar,"BASE TABLE",InnoDB
kemkes-ihs,location_tempat_tidur,"BASE TABLE",InnoDB
kemkes-ihs,loinc_terminologi,"BASE TABLE",InnoDB
kemkes-ihs,medication,"BASE TABLE",InnoDB
kemkes-ihs,medication_dispanse,"BASE TABLE",InnoDB
kemkes-ihs,medication_request,"BASE TABLE",InnoDB
kemkes-ihs,medication_statement,"BASE TABLE",InnoDB
kemkes-ihs,observation,"BASE TABLE",InnoDB
kemkes-ihs,observation_anamnesis_riwayat_lainnya,"BASE TABLE",InnoDB
kemkes-ihs,observation_faktor_risiko,"BASE TABLE",InnoDB
kemkes-ihs,observation_pemeriksaan_ekg,"BASE TABLE",InnoDB
kemkes-ihs,observation_penilaian_grace_risk_skor,"BASE TABLE",InnoDB
kemkes-ihs,organization,"BASE TABLE",InnoDB
kemkes-ihs,parameter_hasil_to_loinc,"BASE TABLE",InnoDB
kemkes-ihs,patient,"BASE TABLE",InnoDB
kemkes-ihs,petunjuk_racikan,"BASE TABLE",InnoDB
kemkes-ihs,poa,"BASE TABLE",InnoDB
kemkes-ihs,pov,"BASE TABLE",InnoDB
kemkes-ihs,practitioner,"BASE TABLE",InnoDB
kemkes-ihs,procedure,"BASE TABLE",InnoDB
kemkes-ihs,prognosis_clinical_impression,"BASE TABLE",InnoDB
kemkes-ihs,questionnaire_response,"BASE TABLE",InnoDB
kemkes-ihs,referensi_to_type_code_reference,"BASE TABLE",InnoDB
kemkes-ihs,rute_obat,"BASE TABLE",InnoDB
kemkes-ihs,satuan_lab_to_ut,"BASE TABLE",InnoDB
kemkes-ihs,service_request,"BASE TABLE",InnoDB
kemkes-ihs,service_request_jadwal_kontrol,"BASE TABLE",InnoDB
kemkes-ihs,sinkronisasi,"BASE TABLE",InnoDB
kemkes-ihs,snomed_ct,"BASE TABLE",InnoDB
kemkes-ihs,specimen,"BASE TABLE",InnoDB
kemkes-ihs,tindakan_to_loinc,"BASE TABLE",InnoDB
kemkes-ihs,type_code_reference,"BASE TABLE",MyISAM
kemkes-rsonline,data_kebutuhan_apd,"BASE TABLE",InnoDB
kemkes-rsonline,data_kebutuhan_sdm,"BASE TABLE",InnoDB
kemkes-rsonline,data_tempat_tidur,"BASE TABLE",InnoDB
kemkes-rsonline,diagnosa_pasien,"BASE TABLE",InnoDB
kemkes-rsonline,icd_covid19,"BASE TABLE",InnoDB
kemkes-rsonline,jenis_kelamin,"BASE TABLE",InnoDB
kemkes-rsonline,jenis_pasien,"BASE TABLE",InnoDB
kemkes-rsonline,kabupaten,"BASE TABLE",InnoDB
kemkes-rsonline,kamar_simrs_rs_online,"BASE TABLE",InnoDB
kemkes-rsonline,kebutuhan_apd,"BASE TABLE",InnoDB
kemkes-rsonline,kebutuhan_sdm,"BASE TABLE",InnoDB
kemkes-rsonline,kecamatan,"BASE TABLE",InnoDB
kemkes-rsonline,kewarganegaraan,"BASE TABLE",InnoDB
kemkes-rsonline,pasien,"BASE TABLE",InnoDB
kemkes-rsonline,propinsi,"BASE TABLE",InnoDB
kemkes-rsonline,rekap_pasien_keluar,"BASE TABLE",InnoDB
kemkes-rsonline,rekap_pasien_komorbid,"BASE TABLE",InnoDB
kemkes-rsonline,rekap_pasien_masuk,"BASE TABLE",InnoDB
kemkes-rsonline,rekap_pasien_nonkomorbid,"BASE TABLE",InnoDB
kemkes-rsonline,status_isolasi,"BASE TABLE",InnoDB
kemkes-rsonline,status_keluar,"BASE TABLE",InnoDB
kemkes-rsonline,status_rawat,"BASE TABLE",InnoDB
kemkes-rsonline,sumber_penularan,"BASE TABLE",InnoDB
kemkes-rsonline,tempat_tidur,"BASE TABLE",InnoDB
kemkes-sirs,rl1-2,"BASE TABLE",InnoDB
kemkes-sirs,rl1-3,"BASE TABLE",InnoDB
kemkes-sirs,rl2,"BASE TABLE",InnoDB
kemkes-sirs,rl3-1,"BASE TABLE",InnoDB
kemkes-sirs,rl3-10,"BASE TABLE",InnoDB
kemkes-sirs,rl3-11,"BASE TABLE",InnoDB
kemkes-sirs,rl3-12,"BASE TABLE",InnoDB
kemkes-sirs,rl3-13,"BASE TABLE",InnoDB
kemkes-sirs,rl3-13b,"BASE TABLE",InnoDB
kemkes-sirs,rl3-14,"BASE TABLE",InnoDB
kemkes-sirs,rl3-15,"BASE TABLE",InnoDB
kemkes-sirs,rl3-2,"BASE TABLE",InnoDB
kemkes-sirs,rl3-3,"BASE TABLE",InnoDB
kemkes-sirs,rl3-4,"BASE TABLE",InnoDB
kemkes-sirs,rl3-5,"BASE TABLE",InnoDB
kemkes-sirs,rl3-6,"BASE TABLE",InnoDB
kemkes-sirs,rl3-7,"BASE TABLE",InnoDB
kemkes-sirs,rl3-8,"BASE TABLE",InnoDB
kemkes-sirs,rl3-9,"BASE TABLE",InnoDB
kemkes-sirs,rl4a,"BASE TABLE",InnoDB
kemkes-sirs,rl4a-sebab,"BASE TABLE",InnoDB
kemkes-sirs,rl4b,"BASE TABLE",InnoDB
kemkes-sirs,rl4b-sebab,"BASE TABLE",InnoDB
kemkes-sirs,rl5-1,"BASE TABLE",InnoDB
kemkes-sirs,rl5-2,"BASE TABLE",InnoDB
kemkes-sirs,rl5-3,"BASE TABLE",InnoDB
kemkes-sirs,rl5-4,"BASE TABLE",InnoDB
laporan,request_report,"BASE TABLE",InnoDB
layanan,batas_layanan_obat,"BASE TABLE",InnoDB
layanan,bon_sisa_farmasi,"BASE TABLE",InnoDB
layanan,catatan_hasil_lab,"BASE TABLE",InnoDB
layanan,dcm_rad,"BASE TABLE",InnoDB
layanan,farmasi,"BASE TABLE",InnoDB
layanan,farmasi_kpo,"BASE TABLE",InnoDB
layanan,formulir_antibiotik,"BASE TABLE",InnoDB
layanan,formulir_antibiotik_approve,"BASE TABLE",InnoDB
layanan,formulir_antibiotik_detail,"BASE TABLE",InnoDB
layanan,formulir_antibiotik_hl,"BASE TABLE",InnoDB
layanan,formulir_antibiotik_hlm,"BASE TABLE",InnoDB
layanan,formulir_antibiotik_hr,"BASE TABLE",InnoDB
layanan,formulir_antibiotik_pl,"BASE TABLE",InnoDB
layanan,formulir_antibiotik_pu,"BASE TABLE",InnoDB
layanan,formulir_antibiotik_rs,"BASE TABLE",InnoDB
layanan,hasil_evaluasi_sst,"BASE TABLE",InnoDB
layanan,hasil_lab,"BASE TABLE",InnoDB
layanan,hasil_lab_exam,"BASE TABLE",InnoDB
layanan,hasil_lab_kepekaan,"BASE TABLE",InnoDB
layanan,hasil_lab_kultur,"BASE TABLE",InnoDB
layanan,hasil_lab_mikroskopik,"BASE TABLE",InnoDB
layanan,hasil_lab_mikroskopik_detail,"BASE TABLE",InnoDB
layanan,hasil_lab_pcr,"BASE TABLE",InnoDB
layanan,hasil_pa,"BASE TABLE",InnoDB
layanan,hasil_pemeriksaan_imunoflurosensi_pa,"BASE TABLE",InnoDB
layanan,hasil_pemeriksaan_molekuler_pa,"BASE TABLE",InnoDB
layanan,hasil_rad,"BASE TABLE",InnoDB
layanan,iterasi_obat,"BASE TABLE",InnoDB
layanan,jasa_tuslah_farmasi,"BASE TABLE",InnoDB
layanan,kelahiran,"BASE TABLE",InnoDB
layanan,layanan_bon_sisa_farmasi,"BASE TABLE",InnoDB
layanan,nilai_kritis_lab,"BASE TABLE",InnoDB
layanan,o2,"BASE TABLE",InnoDB
layanan,order_detil_lab,"BASE TABLE",InnoDB
layanan,order_detil_rad,"BASE TABLE",InnoDB
layanan,order_detil_resep,"BASE TABLE",InnoDB
layanan,order_lab,"BASE TABLE",InnoDB
layanan,order_rad,"BASE TABLE",InnoDB
layanan,order_resep,"BASE TABLE",InnoDB
layanan,pasien_meninggal,"BASE TABLE",InnoDB
layanan,pasien_pulang,"BASE TABLE",InnoDB
layanan,pemakaian_bhp,"BASE TABLE",InnoDB
layanan,pemakaian_bhp_detil,"BASE TABLE",InnoDB
layanan,permintaan_darah_detail,"BASE TABLE",InnoDB
layanan,petugas_tindakan_medis,"BASE TABLE",InnoDB
layanan,protokol_pengobatan,"BASE TABLE",InnoDB
layanan,protokol_pengobatan_detail,"BASE TABLE",InnoDB
layanan,protokol_pengobatan_detail_obat,"BASE TABLE",InnoDB
layanan,resep_terlayani_kpo,"BASE TABLE",InnoDB
layanan,resep_terlayani_kpo_detil,"BASE TABLE",InnoDB
layanan,retur_farmasi,"BASE TABLE",InnoDB
layanan,status_hasil_pemeriksaan,"BASE TABLE",InnoDB
layanan,telaah_awal_resep,"BASE TABLE",InnoDB
layanan,tindakan_medis,"BASE TABLE",InnoDB
layanan,waktu_pelayanan_kpo,"BASE TABLE",InnoDB
layanan,waktu_pelayanan_kpo_detil,"BASE TABLE",InnoDB
lis,dokter_jaga,"BASE TABLE",InnoDB
lis,flag_lis,"BASE TABLE",InnoDB
lis,hasil_log,"BASE TABLE",InnoDB
lis,hasil_log_micro_antibiotik,"BASE TABLE",InnoDB
lis,hasil_log_micro_organism,"BASE TABLE",InnoDB
lis,lis_tanpa_order_config,"BASE TABLE",InnoDB
lis,mapping_hasil,"BASE TABLE",InnoDB
lis,mapping_hasil_micro,"BASE TABLE",InnoDB
lis,order_item_log,"BASE TABLE",InnoDB
lis,parameter_lis,"BASE TABLE",InnoDB
lis,parameter_lis_micro,"BASE TABLE",InnoDB
lis,prefix_parameter_lis,"BASE TABLE",InnoDB
lis,status_hasil,"BASE TABLE",InnoDB
lis,status_hasil_log,"BASE TABLE",InnoDB
lis,status_hasil_log_micro_antibiotik,"BASE TABLE",InnoDB
lis,status_hasil_log_micro_organism,"BASE TABLE",InnoDB
lis,vendor_lis,"BASE TABLE",InnoDB
logs,bridge_log,"BASE TABLE",InnoDB
logs,pengguna_akses_log,"BASE TABLE",InnoDB
logs,pengguna_request_log,"BASE TABLE",InnoDB
master,administrasi,"BASE TABLE",InnoDB
master,antibiotik_bakteri,"BASE TABLE",InnoDB
master,apoteker,"BASE TABLE",InnoDB
master,audios,"BASE TABLE",InnoDB
master,batas_ruangan_vip,"BASE TABLE",InnoDB
master,bulan,"BASE TABLE",InnoDB
master,depo_layanan_farmasi,"BASE TABLE",InnoDB
master,diagnosa,"BASE TABLE",InnoDB
master,diagnosa_masuk,"BASE TABLE",InnoDB
master,diskon,"BASE TABLE",InnoDB
master,distribusi_tarif_paket,"BASE TABLE",InnoDB
master,distribusi_tarif_paket_detil,"BASE TABLE",InnoDB
master,distribusi_tarif_tindakan,"BASE TABLE",InnoDB
master,dokter,"BASE TABLE",InnoDB
master,dokter_ruangan,"BASE TABLE",InnoDB
master,dokter_smf,"BASE TABLE",InnoDB
master,frekuensi_aturan_resep,"BASE TABLE",InnoDB
master,frekuensi_aturan_resep_kategori,"BASE TABLE",InnoDB
master,general_consent,"BASE TABLE",InnoDB
master,group_lab,"BASE TABLE",InnoDB
master,group_pemeriksaan,"BASE TABLE",InnoDB
master,group_referensi_kelas,"BASE TABLE",InnoDB
master,group_tindakan_lab,"BASE TABLE",InnoDB
master,icd_snomedct,"BASE TABLE",InnoDB
master,ikatan_kerja_sama,"BASE TABLE",InnoDB
master,jenis_berkas_rm,"BASE TABLE",MyISAM
master,jenis_kunjungan_ruangan,"BASE TABLE",InnoDB
master,jenis_laporan,"BASE TABLE",InnoDB
master,jenis_laporan_detil,"BASE TABLE",MyISAM
master,jenis_nomor_surat,"BASE TABLE",InnoDB
master,jenis_peserta_penjamin,"BASE TABLE",MyISAM
master,jenis_referensi,"BASE TABLE",InnoDB
master,jenis_ruangan,"BASE TABLE",InnoDB
master,jenis_wilayah,"BASE TABLE",InnoDB
master,kartu_asuransi_pasien,"BASE TABLE",InnoDB
master,kartu_identitas_keluarga,"BASE TABLE",InnoDB
master,kartu_identitas_pasien,"BASE TABLE",InnoDB
master,kelas_simrs_kemkes,"BASE TABLE",InnoDB
master,kelas_simrs_rl,"BASE TABLE",InnoDB
master,kelompok_operasi,"BASE TABLE",InnoDB
master,keluarga_pasien,"BASE TABLE",InnoDB
master,kemkes_kelas,"BASE TABLE",InnoDB
master,kemkes_kematian_dashboard,"BASE TABLE",MyISAM
master,kemkes_ruang_kematian,"BASE TABLE",InnoDB
master,kemkes_ruangan,"BASE TABLE",InnoDB
master,kode_surat_ruangan,"BASE TABLE",InnoDB
master,kontak_keluarga_pasien,"BASE TABLE",InnoDB
master,kontak_pasien,"BASE TABLE",InnoDB
master,layanan_lainnya,"BASE TABLE",InnoDB
master,layanan_lainnya_tarif,"BASE TABLE",InnoDB
master,lock_akses_pasien,"BASE TABLE",InnoDB
master,mapping_golongan_barang_penjamin,"BASE TABLE",InnoDB
master,mapping_group_pemeriksaan,"BASE TABLE",InnoDB
master,mapping_retriksi_formularium,"BASE TABLE",InnoDB
master,mapping_retriksi_unit_asal_resep,"BASE TABLE",InnoDB
master,margin_penjamin_farmasi,"BASE TABLE",InnoDB
master,morphology_icd_o,"BASE TABLE",InnoDB
master,mrconso,"BASE TABLE",InnoDB
master,negara,"BASE TABLE",InnoDB
master,nilai_rujukan_lab,"BASE TABLE",InnoDB
master,paket,"BASE TABLE",InnoDB
master,paket_detil,"BASE TABLE",InnoDB
master,paramedis_map,"BASE TABLE",InnoDB
master,parameter_tindakan_lab,"BASE TABLE",InnoDB
master,pasien,"BASE TABLE",InnoDB
master,pasien_log,"BASE TABLE",InnoDB
master,pegawai,"BASE TABLE",InnoDB
master,penjamin_ruangan,"BASE TABLE",InnoDB
master,penjamin_sub_spesialistik,"BASE TABLE",InnoDB
master,perawat,"BASE TABLE",InnoDB
master,perawat_ruangan,"BASE TABLE",InnoDB
master,ppk,"BASE TABLE",InnoDB
master,referensi,"BASE TABLE",InnoDB
master,refrl,"BASE TABLE",MyISAM
master,rekening,"BASE TABLE",InnoDB
master,retriksi_antibiotik_farmasi,"BASE TABLE",InnoDB
master,retriksi_diagnosa_farmasi,"BASE TABLE",InnoDB
master,retriksi_dokter_farmasi,"BASE TABLE",InnoDB
master,retriksi_hari_farmasi,"BASE TABLE",InnoDB
master,retriksi_jumlah_farmasi,"BASE TABLE",InnoDB
master,rl13_ruangan,"BASE TABLE",InnoDB
master,rl2_pegawai,"BASE TABLE",InnoDB
master,rl310_tindakan,"BASE TABLE",InnoDB
master,rl311_tindakan,"BASE TABLE",InnoDB
master,rl312_tindakan,"BASE TABLE",InnoDB
master,rl314_smf,"BASE TABLE",InnoDB
master,rl315_penjamin,"BASE TABLE",InnoDB
master,rl31_smf,"BASE TABLE",InnoDB
master,rl32_ruangan,"BASE TABLE",InnoDB
master,rl32_smf,"BASE TABLE",InnoDB
master,rl33_tindakan,"BASE TABLE",InnoDB
master,rl34_icd10,"BASE TABLE",InnoDB
master,rl35_icd10,"BASE TABLE",InnoDB
master,rl36_smf,"BASE TABLE",InnoDB
master,rl37_tindakan,"BASE TABLE",InnoDB
master,rl38_tindakan,"BASE TABLE",InnoDB
master,rl39_tindakan,"BASE TABLE",InnoDB
master,rl4_icd10,"BASE TABLE",InnoDB
master,rl52_ruangan,"BASE TABLE",InnoDB
master,rl_kelas,"BASE TABLE",InnoDB
master,ruang_kamar,"BASE TABLE",InnoDB
master,ruang_kamar_tidur,"BASE TABLE",InnoDB
master,ruangan,"BASE TABLE",InnoDB
master,ruangan_farmasi,"BASE TABLE",InnoDB
master,ruangan_kelas,"BASE TABLE",InnoDB
master,ruangan_konsul,"BASE TABLE",InnoDB
master,ruangan_laboratorium,"BASE TABLE",InnoDB
master,ruangan_mutasi,"BASE TABLE",InnoDB
master,ruangan_operasi,"BASE TABLE",InnoDB
master,ruangan_radiologi,"BASE TABLE",InnoDB
master,ruangan_simrs_kemkes,"BASE TABLE",InnoDB
master,smf_ruangan,"BASE TABLE",InnoDB
master,staff,"BASE TABLE",InnoDB
master,staff_ruangan,"BASE TABLE",InnoDB
master,surveilans_penyakit_menular,"BASE TABLE",InnoDB
master,tanggal,"BASE TABLE",InnoDB
master,tarif_administrasi,"BASE TABLE",InnoDB
master,tarif_farmasi_per_kelas,"BASE TABLE",InnoDB
master,tarif_o2,"BASE TABLE",InnoDB
master,tarif_ruang_rawat,"BASE TABLE",InnoDB
master,tarif_tindakan,"BASE TABLE",InnoDB
master,template_anatomi,"BASE TABLE",InnoDB
master,tindakan,"BASE TABLE",InnoDB
master,tindakan_keperawatan,"BASE TABLE",InnoDB
master,tindakan_klp_operasi,"BASE TABLE",InnoDB
master,tindakan_paket,"BASE TABLE",InnoDB
master,tindakan_rincian,"BASE TABLE",InnoDB
master,tindakan_ruangan,"BASE TABLE",InnoDB
master,topography_icd_o,"BASE TABLE",InnoDB
master,videos,"BASE TABLE",InnoDB
master,wilayah,"BASE TABLE",InnoDB
master,z_score_berat_badan,"BASE TABLE",InnoDB
master,z_score_berat_tinggi_badan,"BASE TABLE",InnoDB
master,z_score_imt,"BASE TABLE",InnoDB
master,z_score_tinggi_badan,"BASE TABLE",InnoDB
medicalrecord,anamnesis,"BASE TABLE",InnoDB
medicalrecord,anamnesis_diperoleh,"BASE TABLE",InnoDB
medicalrecord,asuhan_keperawatan,"BASE TABLE",InnoDB
medicalrecord,batuk,"BASE TABLE",InnoDB
medicalrecord,catatan_imple,"BASE TABLE",InnoDB
medicalrecord,cppt,"BASE TABLE",InnoDB
medicalrecord,cppt_rawat_bersama,"BASE TABLE",InnoDB
medicalrecord,daftar_imple,"BASE TABLE",InnoDB
medicalrecord,diagnosa,"BASE TABLE",InnoDB
medicalrecord,diagnosa_keperawatan,"BASE TABLE",InnoDB
medicalrecord,diagnosa_meninggal,"BASE TABLE",InnoDB
medicalrecord,diagnosis,"BASE TABLE",InnoDB
medicalrecord,discharge_planning_faktor_risiko,"BASE TABLE",InnoDB
medicalrecord,discharge_planning_skrining,"BASE TABLE",InnoDB
medicalrecord,edukasi_emergency,"BASE TABLE",InnoDB
medicalrecord,edukasi_end_of_life,"BASE TABLE",InnoDB
medicalrecord,edukasi_pasien_keluarga,"BASE TABLE",InnoDB
medicalrecord,faktor_risiko,"BASE TABLE",InnoDB
medicalrecord,fibroscan,"BASE TABLE",InnoDB
medicalrecord,final_balance,"BASE TABLE",InnoDB
medicalrecord,fungsional,"BASE TABLE",InnoDB
medicalrecord,hasil_mcu,"BASE TABLE",InnoDB
medicalrecord,hubungan_psikososial_end_of_life,"BASE TABLE",InnoDB
medicalrecord,implementasi,"BASE TABLE",InnoDB
medicalrecord,implementasi_asuhan_keperawatan,"BASE TABLE",InnoDB
medicalrecord,implementasi_indikator_keperawatan,"BASE TABLE",InnoDB
medicalrecord,implementasi_keperawatan,"BASE TABLE",InnoDB
medicalrecord,imunisasi_vaksin,"BASE TABLE",InnoDB
medicalrecord,indikator_keperawatan,"BASE TABLE",MyISAM
medicalrecord,jadwal_kontrol,"BASE TABLE",InnoDB
medicalrecord,jenis_indikator_keperawatan,"BASE TABLE",InnoDB
medicalrecord,jenis_pemeriksaan,"BASE TABLE",InnoDB
medicalrecord,keluhan_utama,"BASE TABLE",InnoDB
medicalrecord,kondisi_sosial,"BASE TABLE",InnoDB
medicalrecord,lembar_transfer_pasien,"BASE TABLE",InnoDB
medicalrecord,mapping_diagnosa_indikator,"BASE TABLE",InnoDB
medicalrecord,mapping_intervensi_indikator,"BASE TABLE",InnoDB
medicalrecord,nutrisi,"BASE TABLE",InnoDB
medicalrecord,obstetri,"BASE TABLE",InnoDB
medicalrecord,obstetri_keluarga_berencana,"BASE TABLE",InnoDB
medicalrecord,operasi,"BASE TABLE",InnoDB
medicalrecord,operasi_di_tindakan,"BASE TABLE",InnoDB
medicalrecord,pelaksana_operasi,"BASE TABLE",InnoDB
medicalrecord,pemantuan_hd_intradialitik,"BASE TABLE",InnoDB
medicalrecord,pemeriksaan_anus,"BASE TABLE",InnoDB
medicalrecord,pemeriksaan_assesment_m_chat,"BASE TABLE",InnoDB
medicalrecord,pemeriksaan_bibir,"BASE TABLE",InnoDB
medicalrecord,pemeriksaan_cat_clams,"BASE TABLE",InnoDB
medicalrecord,pemeriksaan_dada,"BASE TABLE",InnoDB
medicalrecord,pemeriksaan_eeg,"BASE TABLE",InnoDB
medicalrecord,pemeriksaan_ekg,"BASE TABLE",InnoDB
medicalrecord,pemeriksaan_emg,"BASE TABLE",InnoDB
medicalrecord,pemeriksaan_faring,"BASE TABLE",InnoDB
medicalrecord,pemeriksaan_fisik,"BASE TABLE",InnoDB
medicalrecord,pemeriksaan_genital,"BASE TABLE",InnoDB
medicalrecord,pemeriksaan_gigi_geligi,"BASE TABLE",InnoDB
medicalrecord,pemeriksaan_hidung,"BASE TABLE",InnoDB
medicalrecord,pemeriksaan_jari_kaki,"BASE TABLE",InnoDB
medicalrecord,pemeriksaan_jari_tangan,"BASE TABLE",InnoDB
medicalrecord,pemeriksaan_kepala,"BASE TABLE",InnoDB
medicalrecord,pemeriksaan_kuku_kaki,"BASE TABLE",InnoDB
medicalrecord,pemeriksaan_kuku_tangan,"BASE TABLE",InnoDB
medicalrecord,pemeriksaan_langit_langit,"BASE TABLE",InnoDB
medicalrecord,pemeriksaan_leher,"BASE TABLE",InnoDB
medicalrecord,pemeriksaan_lengan_atas,"BASE TABLE",InnoDB
medicalrecord,pemeriksaan_lengan_bawah,"BASE TABLE",InnoDB
medicalrecord,pemeriksaan_lidah,"BASE TABLE",InnoDB
medicalrecord,pemeriksaan_mata,"BASE TABLE",InnoDB
medicalrecord,pemeriksaan_observasi_transfusi_darah,"BASE TABLE",InnoDB
medicalrecord,pemeriksaan_payudara,"BASE TABLE",InnoDB
medicalrecord,pemeriksaan_persendian_kaki,"BASE TABLE",InnoDB
medicalrecord,pemeriksaan_persendian_tangan,"BASE TABLE",InnoDB
medicalrecord,pemeriksaan_perut,"BASE TABLE",InnoDB
medicalrecord,pemeriksaan_pricktest,"BASE TABLE",InnoDB
medicalrecord,pemeriksaan_pricktest_alergen_hisap,"BASE TABLE",InnoDB
medicalrecord,pemeriksaan_pricktest_alergen_makanan,"BASE TABLE",InnoDB
medicalrecord,pemeriksaan_procedur_kfr,"BASE TABLE",InnoDB
medicalrecord,pemeriksaan_procedur_kfr_detail,"BASE TABLE",InnoDB
medicalrecord,pemeriksaan_protokol_intervensi,"BASE TABLE",InnoDB
medicalrecord,pemeriksaan_protokol_intervensi_baep,"BASE TABLE",InnoDB
medicalrecord,pemeriksaan_protokol_intervensi_baep_depresi_detail,"BASE TABLE",InnoDB
medicalrecord,pemeriksaan_protokol_intervensi_baep_dispagia_detail,"BASE TABLE",InnoDB
medicalrecord,pemeriksaan_protokol_intervensi_baep_insomnia_detail,"BASE TABLE",InnoDB
medicalrecord,pemeriksaan_protokol_intervensi_baep_kecemasan_detail,"BASE TABLE",InnoDB
medicalrecord,pemeriksaan_protokol_intervensi_baep_kognitif_detail,"BASE TABLE",InnoDB
medicalrecord,pemeriksaan_protokol_intervensi_baep_motorik_detail,"BASE TABLE",InnoDB
medicalrecord,pemeriksaan_protokol_intervensi_baep_protokolstimulasi_detail,"BASE TABLE",InnoDB
medicalrecord,pemeriksaan_protokol_intervensi_baep_sensorik_detail,"BASE TABLE",InnoDB
medicalrecord,pemeriksaan_protokol_intervensi_detail,"BASE TABLE",InnoDB
medicalrecord,pemeriksaan_punggung,"BASE TABLE",InnoDB
medicalrecord,pemeriksaan_rambut,"BASE TABLE",InnoDB
medicalrecord,pemeriksaan_raven_test,"BASE TABLE",InnoDB
medicalrecord,pemeriksaan_saluran_cernah_atas,"BASE TABLE",InnoDB
medicalrecord,pemeriksaan_saluran_cernah_bawah,"BASE TABLE",InnoDB
medicalrecord,pemeriksaan_tcd,"BASE TABLE",InnoDB
medicalrecord,pemeriksaan_tcd_window,"BASE TABLE",InnoDB
medicalrecord,pemeriksaan_telinga,"BASE TABLE",InnoDB
medicalrecord,pemeriksaan_tenggorokan,"BASE TABLE",InnoDB
medicalrecord,pemeriksaan_tonsil,"BASE TABLE",InnoDB
medicalrecord,pemeriksaan_transfusi_darah,"BASE TABLE",InnoDB
medicalrecord,pemeriksaan_transfusi_darah_detail,"BASE TABLE",InnoDB
medicalrecord,pemeriksaan_tungkai_atas,"BASE TABLE",InnoDB
medicalrecord,pemeriksaan_tungkai_bawah,"BASE TABLE",InnoDB
medicalrecord,pemeriksaan_usg_ginekologi,"BASE TABLE",InnoDB
medicalrecord,pemeriksaan_usg_guilding,"BASE TABLE",InnoDB
medicalrecord,penanda_gambar,"BASE TABLE",InnoDB
medicalrecord,penanda_gambar_detail,"BASE TABLE",InnoDB
medicalrecord,pengkajian_mpp,"BASE TABLE",InnoDB
medicalrecord,penilaian_ballance_cairan,"BASE TABLE",InnoDB
medicalrecord,penilaian_ballance_cairan_detail,"BASE TABLE",InnoDB
medicalrecord,penilaian_barthel_index,"BASE TABLE",InnoDB
medicalrecord,penilaian_barthel_index_modifikasi,"BASE TABLE",InnoDB
medicalrecord,penilaian_dekubitus,"BASE TABLE",InnoDB
medicalrecord,penilaian_epfra,"BASE TABLE",InnoDB
medicalrecord,penilaian_fisik,"BASE TABLE",InnoDB
medicalrecord,penilaian_getup_and_go,"BASE TABLE",InnoDB
medicalrecord,penilaian_grace_risk_skor,"BASE TABLE",InnoDB
medicalrecord,penilaian_killip_class,"BASE TABLE",InnoDB
medicalrecord,penilaian_nyeri,"BASE TABLE",InnoDB
medicalrecord,penilaian_skala_humpty_dumpty,"BASE TABLE",InnoDB
medicalrecord,penilaian_skala_morse,"BASE TABLE",InnoDB
medicalrecord,penilaian_tumor,"BASE TABLE",InnoDB
medicalrecord,perencanaan_rawat_inap,"BASE TABLE",InnoDB
medicalrecord,permasalahan_gizi,"BASE TABLE",InnoDB
medicalrecord,persetujuan_tindakan_dokter,"BASE TABLE",InnoDB
medicalrecord,persetujuan_tindakan_dokter_informasi,"BASE TABLE",InnoDB
medicalrecord,persetujuan_tindakan_dokter_informasi_detail,"BASE TABLE",InnoDB
medicalrecord,persetujuan_tindakan_dokter_pasien,"BASE TABLE",InnoDB
medicalrecord,persetujuan_tindakan_pemberi_informasi,"BASE TABLE",InnoDB
medicalrecord,persetujuan_tindakan_penerima_informasi,"BASE TABLE",InnoDB
medicalrecord,persiapan_anastesi,"BASE TABLE",InnoDB
medicalrecord,pra_anastesi_sedasi,"BASE TABLE",InnoDB
medicalrecord,prosedur,"BASE TABLE",InnoDB
medicalrecord,rekonsiliasi_admisi,"BASE TABLE",InnoDB
medicalrecord,rekonsiliasi_admisi_detil,"BASE TABLE",InnoDB
medicalrecord,rekonsiliasi_discharge,"BASE TABLE",InnoDB
medicalrecord,rekonsiliasi_discharge_detil,"BASE TABLE",InnoDB
medicalrecord,rekonsiliasi_obat,"BASE TABLE",InnoDB
medicalrecord,rekonsiliasi_obat_detil,"BASE TABLE",InnoDB
medicalrecord,rekonsiliasi_transfer,"BASE TABLE",InnoDB
medicalrecord,rekonsiliasi_transfer_detil,"BASE TABLE",InnoDB
medicalrecord,rencana_terapi,"BASE TABLE",InnoDB
medicalrecord,resume,"BASE TABLE",InnoDB
medicalrecord,riwayat_alergi,"BASE TABLE",InnoDB
medicalrecord,riwayat_gynekologi,"BASE TABLE",InnoDB
medicalrecord,riwayat_lainnya,"BASE TABLE",InnoDB
medicalrecord,riwayat_obstetri,"BASE TABLE",InnoDB
medicalrecord,riwayat_pemberian_obat,"BASE TABLE",InnoDB
medicalrecord,riwayat_penyakit_keluarga,"BASE TABLE",InnoDB
medicalrecord,riwayat_penyakit_tb,"BASE TABLE",InnoDB
medicalrecord,riwayat_perawatan,"BASE TABLE",InnoDB
medicalrecord,riwayat_tindakan_pembedahan,"BASE TABLE",InnoDB
medicalrecord,rpk,"BASE TABLE",InnoDB
medicalrecord,rpp,"BASE TABLE",InnoDB
medicalrecord,rps,"BASE TABLE",InnoDB
medicalrecord,skrining_faktor_eksternal,"BASE TABLE",InnoDB
medicalrecord,skrining_intervensi_dan_rekomendasi,"BASE TABLE",InnoDB
medicalrecord,skrining_pola_makan_dan_nutrisi,"BASE TABLE",InnoDB
medicalrecord,skrining_riwayat_kehamilan,"BASE TABLE",InnoDB
medicalrecord,skrining_riwayat_kesehatan_orang_tua,"BASE TABLE",InnoDB
medicalrecord,status_fungsional,"BASE TABLE",InnoDB
medicalrecord,status_pediatric,"BASE TABLE",InnoDB
medicalrecord,surat_hd,"BASE TABLE",InnoDB
medicalrecord,surat_kelahiran,"BASE TABLE",InnoDB
medicalrecord,surat_opname,"BASE TABLE",InnoDB
medicalrecord,surat_sakit,"BASE TABLE",InnoDB
medicalrecord,surat_sehat,"BASE TABLE",InnoDB
medicalrecord,tanda_vital,"BASE TABLE",InnoDB
medicalrecord,tindakan_abci,"BASE TABLE",InnoDB
medicalrecord,tindakan_mmpi,"BASE TABLE",InnoDB
medicalrecord,triage,"BASE TABLE",InnoDB
medicalrecord,upload_document,"BASE TABLE",InnoDB
medicalrecord,upload_hasil_pemeriksaan_mata,"BASE TABLE",InnoDB
medicalrecord,verifikasi_cppt,"BASE TABLE",InnoDB
pegawai,kartu_identitas,"BASE TABLE",InnoDB
pegawai,kontak_pegawai,"BASE TABLE",InnoDB
pegawai,str_sip,"BASE TABLE",InnoDB
pembatalan,pembatalan_document,"BASE TABLE",InnoDB
pembatalan,pembatalan_final_hasil,"BASE TABLE",InnoDB
pembatalan,pembatalan_kunjungan,"BASE TABLE",InnoDB
pembatalan,pembatalan_rekam_medis,"BASE TABLE",InnoDB
pembatalan,pembatalan_retur,"BASE TABLE",InnoDB
pembayaran,deposit,"BASE TABLE",InnoDB
pembayaran,diskon,"BASE TABLE",InnoDB
pembayaran,diskon_dokter,"BASE TABLE",InnoDB
pembayaran,edc,"BASE TABLE",InnoDB
pembayaran,gabung_tagihan,"BASE TABLE",InnoDB
pembayaran,kasir,VIEW,
pembayaran,keluhan_utama,"BASE TABLE",InnoDB
pembayaran,layanan_penyedia,"BASE TABLE",InnoDB
pembayaran,pelunasan_piutang_pasien,"BASE TABLE",InnoDB
pembayaran,pelunasan_piutang_perusahaan,"BASE TABLE",InnoDB
pembayaran,pembatalan_tagihan,"BASE TABLE",InnoDB
pembayaran,pembayaran_tagihan,"BASE TABLE",InnoDB
pembayaran,pembuatan_tagihan_terpisah,"BASE TABLE",InnoDB
pembayaran,penerbitan_virtual_account,"BASE TABLE",InnoDB
pembayaran,pengembalian_deposit,"BASE TABLE",InnoDB
pembayaran,penjamin_tagihan,"BASE TABLE",InnoDB
pembayaran,penyedia,"BASE TABLE",InnoDB
pembayaran,piutang_pasien,"BASE TABLE",InnoDB
pembayaran,piutang_perusahaan,"BASE TABLE",InnoDB
pembayaran,rincian_tagihan,"BASE TABLE",InnoDB
pembayaran,rincian_tagihan_paket,"BASE TABLE",InnoDB
pembayaran,rincian_tagihan_temp,"BASE TABLE",InnoDB
pembayaran,subsidi_tagihan,"BASE TABLE",InnoDB
pembayaran,tagihan,"BASE TABLE",InnoDB
pembayaran,tagihan_klaim,"BASE TABLE",InnoDB
pembayaran,tagihan_pendaftaran,"BASE TABLE",InnoDB
pembayaran,transaksi_kasir,"BASE TABLE",InnoDB
pembayaran,transfer,"BASE TABLE",InnoDB
pendaftaran,antrian_ruangan,"BASE TABLE",InnoDB
pendaftaran,antrian_tempat_tidur,"BASE TABLE",InnoDB
pendaftaran,jawaban_konsul,"BASE TABLE",InnoDB
pendaftaran,kartu_identitas_penanggung_jawab,"BASE TABLE",InnoDB
pendaftaran,kartu_identitas_pengantar_pasien,"BASE TABLE",InnoDB
pendaftaran,kecelakaan,"BASE TABLE",InnoDB
pendaftaran,konsul,"BASE TABLE",InnoDB
pendaftaran,kontak_penanggung_jawab,"BASE TABLE",InnoDB
pendaftaran,kontak_pengantar_pasien,"BASE TABLE",InnoDB
pendaftaran,kunjungan,"BASE TABLE",InnoDB
pendaftaran,mutasi,"BASE TABLE",InnoDB
pendaftaran,panggilan_antrian_ruangan,"BASE TABLE",InnoDB
pendaftaran,pembatalan_kunjungan,"BASE TABLE",InnoDB
pendaftaran,pemohon,"BASE TABLE",InnoDB
pendaftaran,penanggung_jawab_pasien,"BASE TABLE",InnoDB
pendaftaran,pendaftaran,"BASE TABLE",InnoDB
pendaftaran,pengantar_pasien,"BASE TABLE",InnoDB
pendaftaran,penjamin,"BASE TABLE",InnoDB
pendaftaran,perubahan_tanggal_kunjungan,"BASE TABLE",InnoDB
pendaftaran,rawat_bersama,"BASE TABLE",InnoDB
pendaftaran,reservasi,"BASE TABLE",InnoDB
pendaftaran,rujukan_keluar,"BASE TABLE",InnoDB
pendaftaran,surat_rujukan_pasien,"BASE TABLE",InnoDB
pendaftaran,tujuan_pasien,"BASE TABLE",InnoDB
penjamin_rs,cara_keluar,"BASE TABLE",InnoDB
penjamin_rs,dpjp,"BASE TABLE",InnoDB
penjamin_rs,drivers,"BASE TABLE",InnoDB
penjamin_rs,jenis_driver,"BASE TABLE",InnoDB
penjamin_rs,kenaikan_tarif,"BASE TABLE",InnoDB
penjualan,penjualan,"BASE TABLE",InnoDB
penjualan,penjualan_detil,"BASE TABLE",InnoDB
penjualan,ppn_penjualan,"BASE TABLE",InnoDB
penjualan,retur_penjualan,"BASE TABLE",InnoDB
simgos,abci_procedures,"BASE TABLE",InnoDB
simgos,abdomen_examinations,"BASE TABLE",InnoDB
simgos,accident_records,"BASE TABLE",InnoDB
simgos,administration_tariffs,"BASE TABLE",InnoDB
simgos,administrations,"BASE TABLE",InnoDB
simgos,admission_diagnoses,"BASE TABLE",InnoDB
simgos,admission_medication_reconciliation_items,"BASE TABLE",InnoDB
simgos,admission_medication_reconciliations,"BASE TABLE",InnoDB
simgos,alergis,"BASE TABLE",InnoDB
simgos,allergies,"BASE TABLE",InnoDB
simgos,anal_examinations,"BASE TABLE",InnoDB
simgos,anamneses,"BASE TABLE",InnoDB
simgos,anamnesis_sources,"BASE TABLE",InnoDB
simgos,anatomy_templates,"BASE TABLE",InnoDB
simgos,anesthesia_preparations,"BASE TABLE",InnoDB
simgos,antibiotic_bacteria_mappings,"BASE TABLE",InnoDB
simgos,antibiotic_restrictions,"BASE TABLE",InnoDB
simgos,antimicrobial_stewardship_approvals,"BASE TABLE",InnoDB
simgos,antimicrobial_stewardship_form_items,"BASE TABLE",InnoDB
simgos,antimicrobial_stewardship_forms,"BASE TABLE",InnoDB
simgos,antimicrobial_stewardship_general_examinations,"BASE TABLE",InnoDB
simgos,antimicrobial_stewardship_lab_results,"BASE TABLE",InnoDB
simgos,antimicrobial_stewardship_microbiology_results,"BASE TABLE",InnoDB
simgos,antimicrobial_stewardship_other_support_results,"BASE TABLE",InnoDB
simgos,antimicrobial_stewardship_prior_histories,"BASE TABLE",InnoDB
simgos,antimicrobial_stewardship_radiology_results,"BASE TABLE",InnoDB
simgos,antrean_fktp_antrean_waktus,"BASE TABLE",InnoDB
simgos,antrean_fktp_antreans,"BASE TABLE",InnoDB
simgos,antrean_fktp_mobile_jkn_tokens,"BASE TABLE",InnoDB
simgos,antrean_rs_antrean_waktus,"BASE TABLE",InnoDB
simgos,antrean_rs_antreans,"BASE TABLE",InnoDB
simgos,antrean_rs_mobile_jkn_tokens,"BASE TABLE",InnoDB
simgos,aplicares_room_syncs,"BASE TABLE",InnoDB
simgos,apotek_pelayanan_obats,"BASE TABLE",InnoDB
simgos,apotek_penyimpanan_obat_items,"BASE TABLE",InnoDB
simgos,apotek_penyimpanan_obats,"BASE TABLE",InnoDB
simgos,apotek_reseps,"BASE TABLE",InnoDB
simgos,applicants,"BASE TABLE",InnoDB
simgos,attending_physicians,"BASE TABLE",InnoDB
simgos,audio_attachments,"BASE TABLE",InnoDB
simgos,back_examinations,"BASE TABLE",InnoDB
simgos,baep_anxiety_details,"BASE TABLE",InnoDB
simgos,baep_cognitive_details,"BASE TABLE",InnoDB
simgos,baep_depression_details,"BASE TABLE",InnoDB
simgos,baep_dysphagia_details,"BASE TABLE",InnoDB
simgos,baep_insomnia_details,"BASE TABLE",InnoDB
simgos,baep_intervention_protocols,"BASE TABLE",InnoDB
simgos,baep_motor_details,"BASE TABLE",InnoDB
simgos,baep_sensory_details,"BASE TABLE",InnoDB
simgos,baep_stimulation_protocol_details,"BASE TABLE",InnoDB
simgos,bank_accounts,"BASE TABLE",InnoDB
simgos,bank_transfers,"BASE TABLE",InnoDB
simgos,barthel_index_assessments,"BASE TABLE",InnoDB
simgos,bed_queues,"BASE TABLE",InnoDB
simgos,beds,"BASE TABLE",InnoDB
simgos,birth_certificate_letters,"BASE TABLE",InnoDB
simgos,birth_records,"BASE TABLE",InnoDB
simgos,birthplaces,"BASE TABLE",InnoDB
simgos,blood_request_items,"BASE TABLE",InnoDB
simgos,blood_transfusion_details,"BASE TABLE",InnoDB
simgos,blood_transfusion_observations,"BASE TABLE",InnoDB
simgos,blood_transfusions,"BASE TABLE",InnoDB
simgos,bpjs_outpatient_verifications,"BASE TABLE",InnoDB
simgos,breast_examinations,"BASE TABLE",InnoDB
simgos,cache,"BASE TABLE",InnoDB
simgos,cache_locks,"BASE TABLE",InnoDB
simgos,case_manager_assessments,"BASE TABLE",InnoDB
simgos,cashier_sessions,"BASE TABLE",InnoDB
simgos,cashier_transactions,"BASE TABLE",InnoDB
simgos,cashiers,"BASE TABLE",InnoDB
simgos,cat_clams_examinations,"BASE TABLE",InnoDB
simgos,chest_examinations,"BASE TABLE",InnoDB
simgos,chief_complaints,"BASE TABLE",InnoDB
simgos,claim_completeness,"BASE TABLE",InnoDB
simgos,claim_completeness_comments,"BASE TABLE",InnoDB
simgos,claim_drivers,"BASE TABLE",InnoDB
simgos,claim_files,"BASE TABLE",InnoDB
simgos,claim_invoices,"BASE TABLE",InnoDB
simgos,clinical_lab_claim_items,"BASE TABLE",InnoDB
simgos,clinical_lab_claims,"BASE TABLE",InnoDB
simgos,clinical_note_co_managements,"BASE TABLE",InnoDB
simgos,clinical_note_verifications,"BASE TABLE",InnoDB
simgos,clinical_notes,"BASE TABLE",InnoDB
simgos,co_managements,"BASE TABLE",InnoDB
simgos,consultation_answers,"BASE TABLE",InnoDB
simgos,consultation_rooms,"BASE TABLE",InnoDB
simgos,consultations,"BASE TABLE",InnoDB
simgos,control_schedules,"BASE TABLE",InnoDB
simgos,corporate_receivable_settlements,"BASE TABLE",InnoDB
simgos,corporate_receivables,"BASE TABLE",InnoDB
simgos,cough_assessments,"BASE TABLE",InnoDB
simgos,countries,"BASE TABLE",InnoDB
simgos,critical_lab_values,"BASE TABLE",InnoDB
simgos,dental_examinations,"BASE TABLE",InnoDB
simgos,deposit_refunds,"BASE TABLE",InnoDB
simgos,deposits,"BASE TABLE",InnoDB
simgos,diagnoses,"BASE TABLE",InnoDB
simgos,diagnosis_codes,"BASE TABLE",InnoDB
simgos,diagnosis_indicator_mappings,"BASE TABLE",InnoDB
simgos,diagnosis_restrictions,"BASE TABLE",InnoDB
simgos,differential_diagnoses,"BASE TABLE",InnoDB
simgos,discharge_medication_reconciliation_items,"BASE TABLE",InnoDB
simgos,discharge_medication_reconciliations,"BASE TABLE",InnoDB
simgos,discharge_methods,"BASE TABLE",InnoDB
simgos,discharge_planning_risk_factors,"BASE TABLE",InnoDB
simgos,discharge_planning_screenings,"BASE TABLE",InnoDB
simgos,discharge_summaries,"BASE TABLE",InnoDB
simgos,discounts,"BASE TABLE",InnoDB
simgos,doctor_discounts,"BASE TABLE",InnoDB
simgos,doctor_medical_departments,"BASE TABLE",InnoDB
simgos,doctor_procedure_consents,"BASE TABLE",InnoDB
simgos,doctor_ward_assignments,"BASE TABLE",InnoDB
simgos,doctors,"BASE TABLE",InnoDB
simgos,document_cancellations,"BASE TABLE",InnoDB
simgos,document_uploads,"BASE TABLE",InnoDB
simgos,duration_restrictions,"BASE TABLE",InnoDB
simgos,ear_examinations,"BASE TABLE",InnoDB
simgos,edc_transactions,"BASE TABLE",InnoDB
simgos,eeg_examinations,"BASE TABLE",InnoDB
simgos,ekg_examinations,"BASE TABLE",InnoDB
simgos,eklaim_calls,"BASE TABLE",InnoDB
simgos,emergency_educations,"BASE TABLE",InnoDB
simgos,emg_examinations,"BASE TABLE",InnoDB
simgos,employee_contacts,"BASE TABLE",InnoDB
simgos,employee_identity_cards,"BASE TABLE",InnoDB
simgos,employee_photos,"BASE TABLE",InnoDB
simgos,employees,"BASE TABLE",InnoDB
simgos,end_of_life_educations,"BASE TABLE",InnoDB
simgos,end_of_life_psychosocial_relationships,"BASE TABLE",InnoDB
simgos,epfra_assessments,"BASE TABLE",InnoDB
simgos,episode_closure_outboxes,"BASE TABLE",InnoDB
simgos,episode_closure_sync_attempts,"BASE TABLE",InnoDB
simgos,episode_closure_sync_operations,"BASE TABLE",InnoDB
simgos,episode_sync_hardening_042_meta,"BASE TABLE",InnoDB
simgos,examination_group_mappings,"BASE TABLE",InnoDB
simgos,examination_groups,"BASE TABLE",InnoDB
simgos,examination_result_statuses,"BASE TABLE",InnoDB
simgos,examination_types,"BASE TABLE",InnoDB
simgos,external_risk_factors,"BASE TABLE",InnoDB
simgos,eye_exam_document_uploads,"BASE TABLE",InnoDB
simgos,eye_examinations,"BASE TABLE",InnoDB
simgos,facility_memberships,"BASE TABLE",InnoDB
simgos,failed_jobs,"BASE TABLE",InnoDB
simgos,family_medical_histories,"BASE TABLE",InnoDB
simgos,family_planning_obstetrics,"BASE TABLE",InnoDB
simgos,fibroscan_results,"BASE TABLE",InnoDB
simgos,final_result_cancellations,"BASE TABLE",InnoDB
simgos,finger_examinations,"BASE TABLE",InnoDB
simgos,fingernail_examinations,"BASE TABLE",InnoDB
simgos,fluid_balance_assessment_details,"BASE TABLE",InnoDB
simgos,fluid_balance_assessments,"BASE TABLE",InnoDB
simgos,fluid_final_balances,"BASE TABLE",InnoDB
simgos,food_allergen_examinations,"BASE TABLE",InnoDB
simgos,forearm_examinations,"BASE TABLE",InnoDB
simgos,formulary_restrictions,"BASE TABLE",InnoDB
simgos,functional_assessments,"BASE TABLE",InnoDB
simgos,functional_status_assessments,"BASE TABLE",InnoDB
simgos,general_examinations,"BASE TABLE",InnoDB
simgos,genital_examinations,"BASE TABLE",InnoDB
simgos,get_up_and_go_test_assessments,"BASE TABLE",InnoDB
simgos,goods_receipt_cancellations,"BASE TABLE",InnoDB
simgos,goods_receipts,"BASE TABLE",InnoDB
simgos,goods_return_items,"BASE TABLE",InnoDB
simgos,goods_returns,"BASE TABLE",InnoDB
simgos,grace_risk_score_assessments,"BASE TABLE",InnoDB
simgos,guarantor_item_category_mappings,"BASE TABLE",InnoDB
simgos,guarantor_participant_types,"BASE TABLE",InnoDB
simgos,guarantor_subspecialties,"BASE TABLE",InnoDB
simgos,guarantor_ward_accesses,"BASE TABLE",InnoDB
simgos,guarantors,"BASE TABLE",InnoDB
simgos,gynecology_histories,"BASE TABLE",InnoDB
simgos,gynecology_ultrasounds,"BASE TABLE",InnoDB
simgos,hair_examinations,"BASE TABLE",InnoDB
simgos,hand_joint_examinations,"BASE TABLE",InnoDB
simgos,head_examinations,"BASE TABLE",InnoDB
simgos,health_certificates,"BASE TABLE",InnoDB
simgos,hemodialysis_letters,"BASE TABLE",InnoDB
simgos,hospitalization_certificates,"BASE TABLE",InnoDB
simgos,humpty_dumpty_fall_scale_assessments,"BASE TABLE",InnoDB
simgos,icd10_cause_of_death_codes,"BASE TABLE",InnoDB
simgos,icd10_codes,"BASE TABLE",InnoDB
simgos,icd9_cm_codes,"BASE TABLE",InnoDB
simgos,icd_o_morphologies,"BASE TABLE",InnoDB
simgos,icd_o_topographies,"BASE TABLE",InnoDB
simgos,icd_snomed_ct_mappings,"BASE TABLE",InnoDB
simgos,illness_progression_histories,"BASE TABLE",InnoDB
simgos,image_marker_points,"BASE TABLE",InnoDB
simgos,image_markers,"BASE TABLE",InnoDB
simgos,immunization_vaccinations,"BASE TABLE",InnoDB
simgos,implementation_checklist_items,"BASE TABLE",InnoDB
simgos,implementation_notes,"BASE TABLE",InnoDB
simgos,implementations,"BASE TABLE",InnoDB
simgos,indonesia_cities,"BASE TABLE",InnoDB
simgos,indonesia_districts,"BASE TABLE",InnoDB
simgos,indonesia_provinces,"BASE TABLE",InnoDB
simgos,indonesia_villages,"BASE TABLE",InnoDB
simgos,inhalant_allergen_examinations,"BASE TABLE",InnoDB
simgos,inpatient_care_plans,"BASE TABLE",InnoDB
simgos,institution_audits,"BASE TABLE",InnoDB
simgos,institutions,"BASE TABLE",InnoDB
simgos,intervention_indicator_mappings,"BASE TABLE",InnoDB
simgos,intervention_protocol_details,"BASE TABLE",InnoDB
simgos,intervention_protocols,"BASE TABLE",InnoDB
simgos,intervention_recommendations,"BASE TABLE",InnoDB
simgos,intradialytic_hd_monitorings,"BASE TABLE",InnoDB
simgos,invoice_cancellations,"BASE TABLE",InnoDB
simgos,invoice_guarantors,"BASE TABLE",InnoDB
simgos,invoice_items,"BASE TABLE",InnoDB
simgos,invoice_merges,"BASE TABLE",InnoDB
simgos,invoice_number_sequences,"BASE TABLE",InnoDB
simgos,invoice_subsidies,"BASE TABLE",InnoDB
simgos,invoices,"BASE TABLE",InnoDB
simgos,item_categories,"BASE TABLE",InnoDB
simgos,item_classifications,"BASE TABLE",InnoDB
simgos,item_prices,"BASE TABLE",InnoDB
simgos,item_serial_numbers,"BASE TABLE",InnoDB
simgos,items,"BASE TABLE",InnoDB
simgos,job_batches,"BASE TABLE",InnoDB
simgos,jobs,"BASE TABLE",InnoDB
simgos,kaps,"BASE TABLE",InnoDB
simgos,killip_class_assessments,"BASE TABLE",InnoDB
simgos,kips,"BASE TABLE",InnoDB
simgos,klaim_submissions,"BASE TABLE",InnoDB
simgos,klaims,"BASE TABLE",InnoDB
simgos,kunjungans,"BASE TABLE",InnoDB
simgos,lab_culture_results,"BASE TABLE",InnoDB
simgos,lab_examination_results,"BASE TABLE",InnoDB
simgos,lab_groups,"BASE TABLE",InnoDB
simgos,lab_microscopic_result_items,"BASE TABLE",InnoDB
simgos,lab_microscopic_results,"BASE TABLE",InnoDB
simgos,lab_order_items,"BASE TABLE",InnoDB
simgos,lab_orders,"BASE TABLE",InnoDB
simgos,lab_pcr_results,"BASE TABLE",InnoDB
simgos,lab_reference_values,"BASE TABLE",InnoDB
simgos,lab_result_notes,"BASE TABLE",InnoDB
simgos,lab_result_summaries,"BASE TABLE",InnoDB
simgos,lab_result_summary_items,"BASE TABLE",InnoDB
simgos,lab_results,"BASE TABLE",InnoDB
simgos,lab_sensitivity_results,"BASE TABLE",InnoDB
simgos,lab_service_groups,"BASE TABLE",InnoDB
simgos,lab_service_parameters,"BASE TABLE",InnoDB
simgos,laboratory_rooms,"BASE TABLE",InnoDB
simgos,leftover_medication_voucher_items,"BASE TABLE",InnoDB
simgos,leftover_medication_vouchers,"BASE TABLE",InnoDB
simgos,leg_joint_examinations,"BASE TABLE",InnoDB
simgos,lip_examinations,"BASE TABLE",InnoDB
simgos,lower_gi_tract_examinations,"BASE TABLE",InnoDB
simgos,lower_leg_examinations,"BASE TABLE",InnoDB
simgos,maternal_pregnancy_histories,"BASE TABLE",InnoDB
simgos,mchat_assessment_examinations,"BASE TABLE",InnoDB
simgos,mcus,"BASE TABLE",InnoDB
simgos,medical_checkup_results,"BASE TABLE",InnoDB
simgos,medical_department_ward_assignments,"BASE TABLE",InnoDB
simgos,medical_departments,"BASE TABLE",InnoDB
simgos,medical_personnel,"BASE TABLE",InnoDB
simgos,medical_procedure_staff,"BASE TABLE",InnoDB
simgos,medical_procedures,"BASE TABLE",InnoDB
simgos,medical_record_cancellations,"BASE TABLE",InnoDB
simgos,medical_supply_usage_items,"BASE TABLE",InnoDB
simgos,medical_supply_usages,"BASE TABLE",InnoDB
simgos,medication_administration_histories,"BASE TABLE",InnoDB
simgos,medication_iterations,"BASE TABLE",InnoDB
simgos,medication_service_limits,"BASE TABLE",InnoDB
simgos,membership_audits,"BASE TABLE",InnoDB
simgos,membership_role_assignments,"BASE TABLE",InnoDB
simgos,membership_role_units,"BASE TABLE",InnoDB
simgos,migrations,"BASE TABLE",InnoDB
simgos,minimum_stock_levels,"BASE TABLE",InnoDB
simgos,mmpi_tests,"BASE TABLE",InnoDB
simgos,model_has_permissions,"BASE TABLE",InnoDB
simgos,model_has_roles,"BASE TABLE",InnoDB
simgos,modified_barthel_index_assessments,"BASE TABLE",InnoDB
simgos,morse_fall_scale_assessments,"BASE TABLE",InnoDB
simgos,neck_examinations,"BASE TABLE",InnoDB
simgos,nose_examinations,"BASE TABLE",InnoDB
simgos,nurse_ward_assignments,"BASE TABLE",InnoDB
simgos,nurses,"BASE TABLE",InnoDB
simgos,nursing_care_plan_implementations,"BASE TABLE",InnoDB
simgos,nursing_care_plans,"BASE TABLE",InnoDB
simgos,nursing_diagnoses,"BASE TABLE",InnoDB
simgos,nursing_implementations,"BASE TABLE",InnoDB
simgos,nursing_indicator_implementations,"BASE TABLE",InnoDB
simgos,nursing_indicator_types,"BASE TABLE",InnoDB
simgos,nursing_indicators,"BASE TABLE",InnoDB
simgos,nutrition_diet_patterns,"BASE TABLE",InnoDB
simgos,obstetric_histories,"BASE TABLE",InnoDB
simgos,obstetrics_records,"BASE TABLE",InnoDB
simgos,operating_rooms,"BASE TABLE",InnoDB
simgos,other_histories,"BASE TABLE",InnoDB
simgos,other_service_tariffs,"BASE TABLE",InnoDB
simgos,other_services,"BASE TABLE",InnoDB
simgos,oxygen_tariffs,"BASE TABLE",InnoDB
simgos,oxygen_usages,"BASE TABLE",InnoDB
simgos,package_invoice_items,"BASE TABLE",InnoDB
simgos,package_items,"BASE TABLE",InnoDB
simgos,package_services,"BASE TABLE",InnoDB
simgos,package_tariff_distribution_items,"BASE TABLE",InnoDB
simgos,package_tariff_distributions,"BASE TABLE",InnoDB
simgos,packages,"BASE TABLE",InnoDB
simgos,pain_score_assessments,"BASE TABLE",InnoDB
simgos,palate_examinations,"BASE TABLE",InnoDB
simgos,parental_health_history_screenings,"BASE TABLE",InnoDB
simgos,pasien_tb,"BASE TABLE",InnoDB
simgos,pathology_anatomy_results,"BASE TABLE",InnoDB
simgos,pathology_claim_items,"BASE TABLE",InnoDB
simgos,pathology_claims,"BASE TABLE",InnoDB
simgos,pathology_immunofluorescence_results,"BASE TABLE",InnoDB
simgos,pathology_molecular_results,"BASE TABLE",InnoDB
simgos,patient_access_locks,"BASE TABLE",InnoDB
simgos,patient_contacts,"BASE TABLE",InnoDB
simgos,patient_death_records,"BASE TABLE",InnoDB
simgos,patient_discharge_records,"BASE TABLE",InnoDB
simgos,patient_escort_contacts,"BASE TABLE",InnoDB
simgos,patient_escort_identity_cards,"BASE TABLE",InnoDB
simgos,patient_escorts,"BASE TABLE",InnoDB
simgos,patient_families,"BASE TABLE",InnoDB
simgos,patient_family_contacts,"BASE TABLE",InnoDB
simgos,patient_family_educations,"BASE TABLE",InnoDB
simgos,patient_family_identity_cards,"BASE TABLE",InnoDB
simgos,patient_guardian_contacts,"BASE TABLE",InnoDB
simgos,patient_guardian_identity_cards,"BASE TABLE",InnoDB
simgos,patient_guardians,"BASE TABLE",InnoDB
simgos,patient_identity_cards,"BASE TABLE",InnoDB
simgos,patient_nutrition_problems,"BASE TABLE",InnoDB
simgos,patient_photos,"BASE TABLE",InnoDB
simgos,patient_portal_accounts,"BASE TABLE",InnoDB
simgos,patient_purposes,"BASE TABLE",InnoDB
simgos,patient_receivable_settlements,"BASE TABLE",InnoDB
simgos,patient_receivables,"BASE TABLE",InnoDB
simgos,patient_transfer_sheets,"BASE TABLE",InnoDB
simgos,patient_transfers,"BASE TABLE",InnoDB
simgos,patients,"BASE TABLE",InnoDB
simgos,payment_idempotency_keys,"BASE TABLE",InnoDB
simgos,payment_number_sequences,"BASE TABLE",InnoDB
simgos,payment_providers,"BASE TABLE",InnoDB
simgos,payments,"BASE TABLE",InnoDB
simgos,pediatric_statuses,"BASE TABLE",InnoDB
simgos,pembatalan_visit_cancellations,"BASE TABLE",InnoDB
simgos,pendaftarans,"BASE TABLE",InnoDB
simgos,penyakit_menular_submissions,"BASE TABLE",InnoDB
simgos,permissions,"BASE TABLE",InnoDB
simgos,personal_access_tokens,"BASE TABLE",InnoDB
simgos,pharmacy_claim_items,"BASE TABLE",InnoDB
simgos,pharmacy_claims,"BASE TABLE",InnoDB
simgos,pharmacy_depots,"BASE TABLE",InnoDB
simgos,pharmacy_diagnoses,"BASE TABLE",InnoDB
simgos,pharmacy_dispenses,"BASE TABLE",InnoDB
simgos,pharmacy_guarantor_margins,"BASE TABLE",InnoDB
simgos,pharmacy_outpatient_queues,"BASE TABLE",InnoDB
simgos,pharmacy_packages,"BASE TABLE",InnoDB
simgos,pharmacy_returns,"BASE TABLE",InnoDB
simgos,pharmacy_rooms,"BASE TABLE",InnoDB
simgos,pharmacy_service_fees,"BASE TABLE",InnoDB
simgos,pharmacy_service_rooms,"BASE TABLE",InnoDB
simgos,pharmacy_service_time_stages,"BASE TABLE",InnoDB
simgos,pharmacy_service_times,"BASE TABLE",InnoDB
simgos,pharmacy_tariff_by_room_classes,"BASE TABLE",InnoDB
simgos,pharynx_examinations,"BASE TABLE",InnoDB
simgos,physical_assessments,"BASE TABLE",InnoDB
simgos,physical_examinations,"BASE TABLE",InnoDB
simgos,physician_restrictions,"BASE TABLE",InnoDB
simgos,plan_and_therapies,"BASE TABLE",InnoDB
simgos,ppk_audits,"BASE TABLE",InnoDB
simgos,ppks,"BASE TABLE",InnoDB
simgos,practice_licenses,"BASE TABLE",InnoDB
simgos,pre_anesthesia_sedation_assessments,"BASE TABLE",InnoDB
simgos,prescription_frequency_rule_categories,"BASE TABLE",InnoDB
simgos,prescription_frequency_rules,"BASE TABLE",InnoDB
simgos,prescription_fulfillment_items,"BASE TABLE",InnoDB
simgos,prescription_fulfillments,"BASE TABLE",InnoDB
simgos,prescription_initial_reviews,"BASE TABLE",InnoDB
simgos,prescription_items,"BASE TABLE",InnoDB
simgos,prescription_origin_unit_restrictions,"BASE TABLE",InnoDB
simgos,prescriptions,"BASE TABLE",InnoDB
simgos,pressure_ulcer_risk_assessments,"BASE TABLE",InnoDB
simgos,procedure_consent_information,"BASE TABLE",InnoDB
simgos,procedure_consent_information_givers,"BASE TABLE",InnoDB
simgos,procedure_consent_information_items,"BASE TABLE",InnoDB
simgos,procedure_consent_information_receivers,"BASE TABLE",InnoDB
simgos,procedure_consent_patient_acknowledgements,"BASE TABLE",InnoDB
simgos,procedure_surgeries,"BASE TABLE",InnoDB
simgos,procedures,"BASE TABLE",InnoDB
simgos,prognosas,"BASE TABLE",InnoDB
simgos,provider_services,"BASE TABLE",InnoDB
simgos,quantity_restrictions,"BASE TABLE",InnoDB
simgos,queue_calls,"BASE TABLE",InnoDB
simgos,radiology_claim_items,"BASE TABLE",InnoDB
simgos,radiology_claims,"BASE TABLE",InnoDB
simgos,radiology_order_items,"BASE TABLE",InnoDB
simgos,radiology_orders,"BASE TABLE",InnoDB
simgos,radiology_result_summaries,"BASE TABLE",InnoDB
simgos,radiology_result_summary_items,"BASE TABLE",InnoDB
simgos,radiology_results,"BASE TABLE",InnoDB
simgos,radiology_rooms,"BASE TABLE",InnoDB
simgos,radiology_viewer_logs,"BASE TABLE",InnoDB
simgos,raven_test_examinations,"BASE TABLE",InnoDB
simgos,receiving_items,"BASE TABLE",InnoDB
simgos,receiving_records,"BASE TABLE",InnoDB
simgos,record_file_loans,"BASE TABLE",InnoDB
simgos,reference_audits,"BASE TABLE",InnoDB
simgos,reference_entries,"BASE TABLE",InnoDB
simgos,reference_maps,"BASE TABLE",InnoDB
simgos,reference_types,"BASE TABLE",InnoDB
simgos,referral_codes,"BASE TABLE",InnoDB
simgos,referral_letters,"BASE TABLE",InnoDB
simgos,referrals,"BASE TABLE",InnoDB
simgos,region_types,"BASE TABLE",InnoDB
simgos,registration_functions,"BASE TABLE",InnoDB
simgos,registration_histories,"BASE TABLE",InnoDB
simgos,registration_invoices,"BASE TABLE",InnoDB
simgos,registrations,"BASE TABLE",InnoDB
simgos,rehabilitation_procedure_examination_items,"BASE TABLE",InnoDB
simgos,rehabilitation_procedure_examinations,"BASE TABLE",InnoDB
simgos,rencana_kontrols,"BASE TABLE",InnoDB
simgos,report_type_items,"BASE TABLE",InnoDB
simgos,report_types,"BASE TABLE",InnoDB
simgos,reservations,"BASE TABLE",InnoDB
simgos,resume_medis,"BASE TABLE",InnoDB
simgos,return_cancellations,"BASE TABLE",InnoDB
simgos,risk_factors,"BASE TABLE",InnoDB
simgos,role_has_permissions,"BASE TABLE",InnoDB
simgos,roles,"BASE TABLE",InnoDB
simgos,room_class_reference_groups,"BASE TABLE",InnoDB
simgos,room_classes,"BASE TABLE",InnoDB
simgos,rooms,"BASE TABLE",InnoDB
simgos,rs_online_submissions,"BASE TABLE",InnoDB
simgos,rujukan_antar_rs,"BASE TABLE",InnoDB
simgos,rujukan_khusus,"BASE TABLE",InnoDB
simgos,rujukans,"BASE TABLE",InnoDB
simgos,sale_items,"BASE TABLE",InnoDB
simgos,sale_returns,"BASE TABLE",InnoDB
simgos,sales,"BASE TABLE",InnoDB
simgos,sales_taxes,"BASE TABLE",InnoDB
simgos,satu_sehat_staging_submissions,"BASE TABLE",InnoDB
simgos,scanned_documents,"BASE TABLE",InnoDB
simgos,sep_pengajuans,"BASE TABLE",InnoDB
simgos,sep_reconciliation_attempts,"BASE TABLE",InnoDB
simgos,seps,"BASE TABLE",InnoDB
simgos,service_handovers,"BASE TABLE",InnoDB
simgos,service_tariff_distributions,"BASE TABLE",InnoDB
simgos,service_tariffs,"BASE TABLE",InnoDB
simgos,service_types,"BASE TABLE",InnoDB
simgos,services,"BASE TABLE",InnoDB
simgos,shipment_items,"BASE TABLE",InnoDB
simgos,shipments,"BASE TABLE",InnoDB
simgos,sick_leave_certificates,"BASE TABLE",InnoDB
simgos,sirs_online_bor_tempat_tidurs,"BASE TABLE",InnoDB
simgos,skin_prick_test_examinations,"BASE TABLE",InnoDB
simgos,skrinnings,"BASE TABLE",InnoDB
simgos,smart_claim_id_mappings,"BASE TABLE",InnoDB
simgos,social_conditions,"BASE TABLE",InnoDB
simgos,spesialistik_submissions,"BASE TABLE",InnoDB
simgos,spris,"BASE TABLE",InnoDB
simgos,staff_members,"BASE TABLE",InnoDB
simgos,staff_ward_assignments,"BASE TABLE",InnoDB
simgos,stock_opname_items,"BASE TABLE",InnoDB
simgos,stock_opnames,"BASE TABLE",InnoDB
simgos,stock_request_items,"BASE TABLE",InnoDB
simgos,stock_requests,"BASE TABLE",InnoDB
simgos,suppliers,"BASE TABLE",InnoDB
simgos,supporting_documents,"BASE TABLE",InnoDB
simgos,surgeries,"BASE TABLE",InnoDB
simgos,surgery_performers,"BASE TABLE",InnoDB
simgos,surgical_procedure_histories,"BASE TABLE",InnoDB
simgos,surgical_safety_evaluation_results,"BASE TABLE",InnoDB
simgos,system_license_audit_logs,"BASE TABLE",InnoDB
simgos,system_license_watermarks,"BASE TABLE",InnoDB
simgos,system_licenses,"BASE TABLE",InnoDB
simgos,tb_disease_histories,"BASE TABLE",InnoDB
simgos,thigh_examinations,"BASE TABLE",InnoDB
simgos,throat_examinations,"BASE TABLE",InnoDB
simgos,tindakans,"BASE TABLE",InnoDB
simgos,toe_examinations,"BASE TABLE",InnoDB
simgos,toenail_examinations,"BASE TABLE",InnoDB
simgos,tongue_examinations,"BASE TABLE",InnoDB
simgos,tonsil_examinations,"BASE TABLE",InnoDB
simgos,transcranial_doppler_examinations,"BASE TABLE",InnoDB
simgos,transcranial_doppler_windows,"BASE TABLE",InnoDB
simgos,transfer_medication_reconciliation_items,"BASE TABLE",InnoDB
simgos,transfer_medication_reconciliations,"BASE TABLE",InnoDB
simgos,treatment_histories,"BASE TABLE",InnoDB
simgos,treatment_protocol_step_drugs,"BASE TABLE",InnoDB
simgos,treatment_protocol_steps,"BASE TABLE",InnoDB
simgos,treatment_protocols,"BASE TABLE",InnoDB
simgos,triages,"BASE TABLE",InnoDB
simgos,tumor_assessments,"BASE TABLE",InnoDB
simgos,ultrasound_guided_procedures,"BASE TABLE",InnoDB
simgos,unit_of_measures,"BASE TABLE",InnoDB
simgos,upper_arm_examinations,"BASE TABLE",InnoDB
simgos,upper_gi_tract_examinations,"BASE TABLE",InnoDB
simgos,users,"BASE TABLE",InnoDB
simgos,video_attachments,"BASE TABLE",InnoDB
simgos,visit_cancellations,"BASE TABLE",InnoDB
simgos,visit_date_changes,"BASE TABLE",InnoDB
simgos,visits,"BASE TABLE",InnoDB
simgos,vital_signs,"BASE TABLE",InnoDB
simgos,ward_class_assignments,"BASE TABLE",InnoDB
simgos,ward_item_stocks,"BASE TABLE",InnoDB
simgos,ward_queues,"BASE TABLE",InnoDB
simgos,ward_services,"BASE TABLE",InnoDB
simgos,ward_stock_transactions,"BASE TABLE",InnoDB
simgos,ward_tariffs,"BASE TABLE",InnoDB
simgos,ward_transfer_routes,"BASE TABLE",InnoDB
simgos,ward_types,"BASE TABLE",InnoDB
simgos,ward_visit_types,"BASE TABLE",InnoDB
simgos,wards,"BASE TABLE",InnoDB
temp,temp,"BASE TABLE",InnoDB
tte,logs,"BASE TABLE",InnoDB
tte,sign,"BASE TABLE",InnoDB
