nama_schema,nama_tabel,nama_kolom,nama_relasi,schema_tujuan,tabel_tujuan,kolom_tujuan
inventory,transaksi_stok_ruangan,JENIS,FK_JENIS_TRANSAKSI_STOK_TSR,inventory,jenis_transaksi_stok,ID
medicalrecord,diagnosis,KUNJUNGAN,FK_diagnosis_pendaftaran.kunjungan,pendaftaran,kunjungan,nomor
medicalrecord,fungsional,KUNJUNGAN,fungsional_ibfk_1,pendaftaran,kunjungan,nomor
medicalrecord,permasalahan_gizi,KUNJUNGAN,,pendaftaran,kunjungan,nomor
medicalrecord,permasalahan_gizi,KUNJUNGAN,FK_permasalahan_gizi_pasien_pendaftaran.kunjungan,pendaftaran,kunjungan,nomor
medicalrecord,status_pediatric,KUNJUNGAN,FK__pendaftaran.kunjungan,pendaftaran,kunjungan,nomor
simgos,abci_procedures,doctor_id,abci_procedures_doctor_id_foreign,simgos,doctors,id
simgos,abci_procedures,patient_id,abci_procedures_patient_id_foreign,simgos,patients,id
simgos,abci_procedures,visit_id,abci_procedures_visit_id_foreign,simgos,visits,id
simgos,accident_records,visit_id,accident_records_visit_id_foreign,simgos,visits,id
simgos,admission_diagnoses,visit_id,admission_diagnoses_visit_id_foreign,simgos,visits,id
simgos,admission_medication_reconciliation_items,reconciliation_id,fk_amri_reconciliation_id,simgos,admission_medication_reconciliations,id
simgos,admission_medication_reconciliations,reconciled_by,admission_medication_reconciliations_reconciled_by_foreign,simgos,employees,id
simgos,admission_medication_reconciliations,visit_id,admission_medication_reconciliations_visit_id_foreign,simgos,visits,id
simgos,alergis,kunjungan_id,alergis_kunjungan_id_foreign,simgos,kunjungans,id
simgos,allergies,patient_id,allergies_patient_id_foreign,simgos,patients,id
simgos,allergies,recorded_by,allergies_recorded_by_foreign,simgos,employees,id
simgos,anamneses,recorded_by,anamneses_recorded_by_foreign,simgos,employees,id
simgos,anamneses,visit_id,anamneses_visit_id_foreign,simgos,visits,id
simgos,anamnesis_sources,anamnesis_id,anamnesis_sources_anamnesis_id_foreign,simgos,anamneses,id
simgos,anesthesia_preparations,prepared_by,anesthesia_preparations_prepared_by_foreign,simgos,employees,id
simgos,anesthesia_preparations,visit_id,anesthesia_preparations_visit_id_foreign,simgos,visits,id
simgos,antimicrobial_stewardship_approvals,approved_by,antimicrobial_stewardship_approvals_approved_by_foreign,simgos,employees,id
simgos,antimicrobial_stewardship_approvals,antimicrobial_stewardship_form_id,fk_asa_form_id,simgos,antimicrobial_stewardship_forms,id
simgos,antimicrobial_stewardship_form_items,item_id,antimicrobial_stewardship_form_items_item_id_foreign,simgos,items,id
simgos,antimicrobial_stewardship_form_items,antimicrobial_stewardship_form_id,fk_asfi_form_id,simgos,antimicrobial_stewardship_forms,id
simgos,antimicrobial_stewardship_forms,patient_id,antimicrobial_stewardship_forms_patient_id_foreign,simgos,patients,id
simgos,antimicrobial_stewardship_forms,requesting_doctor_id,antimicrobial_stewardship_forms_requesting_doctor_id_foreign,simgos,employees,id
simgos,antimicrobial_stewardship_forms,visit_id,antimicrobial_stewardship_forms_visit_id_foreign,simgos,visits,id
simgos,antimicrobial_stewardship_forms,antibiotic_restriction_id,fk_asf_restr_id,simgos,antibiotic_restrictions,id
simgos,antimicrobial_stewardship_general_examinations,antimicrobial_stewardship_form_id,fk_asge_form_id,simgos,antimicrobial_stewardship_forms,id
simgos,antimicrobial_stewardship_lab_results,lab_result_id,antimicrobial_stewardship_lab_results_lab_result_id_foreign,simgos,lab_results,id
simgos,antimicrobial_stewardship_lab_results,antimicrobial_stewardship_form_id,fk_aslr_form_id,simgos,antimicrobial_stewardship_forms,id
simgos,antimicrobial_stewardship_microbiology_results,antimicrobial_stewardship_form_id,fk_asmr_form_id,simgos,antimicrobial_stewardship_forms,id
simgos,antimicrobial_stewardship_other_support_results,antimicrobial_stewardship_form_id,fk_asosr_form_id,simgos,antimicrobial_stewardship_forms,id
simgos,antimicrobial_stewardship_prior_histories,antimicrobial_stewardship_form_id,fk_asph_form_id,simgos,antimicrobial_stewardship_forms,id
simgos,antimicrobial_stewardship_radiology_results,antimicrobial_stewardship_form_id,fk_asrr_form_id,simgos,antimicrobial_stewardship_forms,id
simgos,antrean_fktp_antrean_waktus,antrean_id,antrean_fktp_antrean_waktus_antrean_id_foreign,simgos,antrean_fktp_antreans,id
simgos,antrean_fktp_antreans,visit_id,antrean_fktp_antreans_visit_id_foreign,simgos,visits,id
simgos,antrean_rs_antrean_waktus,antrean_id,antrean_rs_antrean_waktus_antrean_id_foreign,simgos,antrean_rs_antreans,id
simgos,antrean_rs_antreans,visit_id,antrean_rs_antreans_visit_id_foreign,simgos,visits,id
simgos,aplicares_room_syncs,room_id,aplicares_room_syncs_room_id_foreign,simgos,rooms,id
simgos,apotek_pelayanan_obats,resep_id,apotek_pelayanan_obats_resep_id_foreign,simgos,apotek_reseps,id
simgos,apotek_penyimpanan_obat_items,penyimpanan_obat_id,apotek_penyimpanan_obat_items_penyimpanan_obat_id_foreign,simgos,apotek_penyimpanan_obats,id
simgos,apotek_penyimpanan_obats,pelayanan_id,apotek_penyimpanan_obats_pelayanan_id_foreign,simgos,apotek_pelayanan_obats,id
simgos,apotek_reseps,prescription_id,apotek_reseps_prescription_id_foreign,simgos,prescriptions,id
simgos,apotek_reseps,visit_id,apotek_reseps_visit_id_foreign,simgos,visits,id
simgos,applicants,registration_id,applicants_registration_id_foreign,simgos,registrations,id
simgos,attending_physicians,employee_id,attending_physicians_employee_id_foreign,simgos,employees,id
simgos,attending_physicians,visit_id,attending_physicians_visit_id_foreign,simgos,visits,id
simgos,audio_attachments,patient_id,audio_attachments_patient_id_foreign,simgos,patients,id
simgos,audio_attachments,visit_id,audio_attachments_visit_id_foreign,simgos,visits,id
simgos,baep_anxiety_details,baep_protocol_id,baep_anxiety_details_baep_protocol_id_foreign,simgos,baep_intervention_protocols,id
simgos,baep_cognitive_details,baep_protocol_id,baep_cognitive_details_baep_protocol_id_foreign,simgos,baep_intervention_protocols,id
simgos,baep_depression_details,baep_protocol_id,baep_depression_details_baep_protocol_id_foreign,simgos,baep_intervention_protocols,id
simgos,baep_dysphagia_details,baep_protocol_id,baep_dysphagia_details_baep_protocol_id_foreign,simgos,baep_intervention_protocols,id
simgos,baep_insomnia_details,baep_protocol_id,baep_insomnia_details_baep_protocol_id_foreign,simgos,baep_intervention_protocols,id
simgos,baep_intervention_protocols,performed_by,baep_intervention_protocols_performed_by_foreign,simgos,employees,id
simgos,baep_intervention_protocols,visit_id,baep_intervention_protocols_visit_id_foreign,simgos,visits,id
simgos,baep_motor_details,baep_protocol_id,baep_motor_details_baep_protocol_id_foreign,simgos,baep_intervention_protocols,id
simgos,baep_sensory_details,baep_protocol_id,baep_sensory_details_baep_protocol_id_foreign,simgos,baep_intervention_protocols,id
simgos,baep_stimulation_protocol_details,baep_protocol_id,baep_stimulation_protocol_details_baep_protocol_id_foreign,simgos,baep_intervention_protocols,id
simgos,bank_transfers,payment_id,bank_transfers_payment_id_foreign,simgos,payments,id
simgos,bed_queues,bed_id,bed_queues_bed_id_foreign,simgos,beds,id
simgos,bed_queues,patient_id,bed_queues_patient_id_foreign,simgos,patients,id
simgos,beds,room_id,beds_room_id_foreign,simgos,rooms,id
simgos,birth_certificate_letters,doctor_id,birth_certificate_letters_doctor_id_foreign,simgos,doctors,id
simgos,birth_certificate_letters,mother_patient_id,birth_certificate_letters_mother_patient_id_foreign,simgos,patients,id
simgos,birth_certificate_letters,patient_id,birth_certificate_letters_patient_id_foreign,simgos,patients,id
simgos,birth_certificate_letters,visit_id,birth_certificate_letters_visit_id_foreign,simgos,visits,id
simgos,birth_records,attending_doctor_id,birth_records_attending_doctor_id_foreign,simgos,employees,id
simgos,birth_records,mother_patient_id,birth_records_mother_patient_id_foreign,simgos,patients,id
simgos,birth_records,visit_id,birth_records_visit_id_foreign,simgos,visits,id
simgos,blood_request_items,blood_transfusion_id,blood_request_items_blood_transfusion_id_foreign,simgos,blood_transfusions,id
simgos,blood_transfusion_details,transfusion_id,blood_transfusion_details_transfusion_id_foreign,simgos,blood_transfusions,id
simgos,blood_transfusions,administered_by,blood_transfusions_administered_by_foreign,simgos,employees,id
simgos,blood_transfusions,visit_id,blood_transfusions_visit_id_foreign,simgos,visits,id
simgos,bpjs_outpatient_verifications,patient_id,bpjs_outpatient_verifications_patient_id_foreign,simgos,patients,id
simgos,bpjs_outpatient_verifications,registration_id,bpjs_outpatient_verifications_registration_id_foreign,simgos,registrations,id
simgos,cashier_sessions,cashier_id,cashier_sessions_cashier_id_foreign,simgos,cashiers,id
simgos,cashier_transactions,cashier_id,cashier_transactions_cashier_id_foreign,simgos,cashiers,id
simgos,cashier_transactions,invoice_id,cashier_transactions_invoice_id_foreign,simgos,invoices,id
simgos,cashiers,employee_id,cashiers_employee_id_foreign,simgos,employees,id
simgos,chief_complaints,recorded_by,chief_complaints_recorded_by_foreign,simgos,employees,id
simgos,chief_complaints,visit_id,chief_complaints_visit_id_foreign,simgos,visits,id
simgos,claim_completeness,claim_file_id,claim_completeness_claim_file_id_foreign,simgos,claim_files,id
simgos,claim_completeness_comments,claim_completeness_id,ccc_completeness_id_foreign,simgos,claim_completeness,id
simgos,claim_files,guarantor_id,claim_files_guarantor_id_foreign,simgos,guarantors,id
simgos,claim_files,invoice_id,claim_files_invoice_id_foreign,simgos,invoices,id
simgos,claim_files,registration_id,claim_files_registration_id_foreign,simgos,registrations,id
simgos,claim_files,sep_id,claim_files_sep_id_foreign,simgos,seps,id
simgos,claim_files,visit_id,claim_files_visit_id_foreign,simgos,visits,id
simgos,claim_invoices,guarantor_id,claim_invoices_guarantor_id_foreign,simgos,guarantors,id
simgos,claim_invoices,invoice_id,claim_invoices_invoice_id_foreign,simgos,invoices,id
simgos,clinical_lab_claim_items,clinical_lab_claim_id,clinical_lab_claim_items_clinical_lab_claim_id_foreign,simgos,clinical_lab_claims,id
simgos,clinical_lab_claims,claim_file_id,clinical_lab_claims_claim_file_id_foreign,simgos,claim_files,id
simgos,clinical_lab_claims,order_id,clinical_lab_claims_order_id_foreign,simgos,lab_orders,id
simgos,clinical_note_co_managements,author_id,clinical_note_co_managements_author_id_foreign,simgos,employees,id
simgos,clinical_note_co_managements,clinical_note_id,clinical_note_co_managements_clinical_note_id_foreign,simgos,clinical_notes,id
simgos,clinical_note_co_managements,medical_department_id,clinical_note_co_managements_medical_department_id_foreign,simgos,medical_departments,id
simgos,clinical_note_verifications,clinical_note_id,clinical_note_verifications_clinical_note_id_foreign,simgos,clinical_notes,id
simgos,clinical_note_verifications,verifier_doctor_id,clinical_note_verifications_verifier_doctor_id_foreign,simgos,doctors,id
simgos,clinical_notes,author_id,clinical_notes_author_id_foreign,simgos,employees,id
simgos,clinical_notes,visit_id,clinical_notes_visit_id_foreign,simgos,visits,id
simgos,co_managements,employee_id,co_managements_employee_id_foreign,simgos,employees,id
simgos,co_managements,visit_id,co_managements_visit_id_foreign,simgos,visits,id
simgos,consultation_answers,answered_by,consultation_answers_answered_by_foreign,simgos,employees,id
simgos,consultation_answers,consultation_id,consultation_answers_consultation_id_foreign,simgos,consultations,id
simgos,consultation_rooms,ward_id,consultation_rooms_ward_id_foreign,simgos,wards,id
simgos,consultations,consulted_department_id,consultations_consulted_department_id_foreign,simgos,medical_departments,id
simgos,consultations,requesting_department_id,consultations_requesting_department_id_foreign,simgos,medical_departments,id
simgos,consultations,visit_id,consultations_visit_id_foreign,simgos,visits,id
simgos,control_schedules,medical_department_id,control_schedules_medical_department_id_foreign,simgos,medical_departments,id
simgos,control_schedules,patient_id,control_schedules_patient_id_foreign,simgos,patients,id
simgos,control_schedules,scheduled_by,control_schedules_scheduled_by_foreign,simgos,employees,id
simgos,control_schedules,visit_id,control_schedules_visit_id_foreign,simgos,visits,id
simgos,corporate_receivable_settlements,corporate_receivable_id,corporate_receivable_settlements_corporate_receivable_id_foreign,simgos,corporate_receivables,id
simgos,corporate_receivables,guarantor_id,corporate_receivables_guarantor_id_foreign,simgos,guarantors,id
simgos,corporate_receivables,invoice_id,corporate_receivables_invoice_id_foreign,simgos,invoices,id
simgos,cough_assessments,assessed_by,cough_assessments_assessed_by_foreign,simgos,employees,id
simgos,cough_assessments,visit_id,cough_assessments_visit_id_foreign,simgos,visits,id
simgos,critical_lab_values,lab_order_id,critical_lab_values_lab_order_id_foreign,simgos,lab_orders,id
simgos,deposit_refunds,deposit_id,deposit_refunds_deposit_id_foreign,simgos,deposits,id
simgos,deposits,visit_id,deposits_visit_id_foreign,simgos,visits,id
simgos,diagnoses,visit_id,diagnoses_visit_id_foreign,simgos,visits,id
simgos,differential_diagnoses,recorded_by,differential_diagnoses_recorded_by_foreign,simgos,employees,id
simgos,differential_diagnoses,visit_id,differential_diagnoses_visit_id_foreign,simgos,visits,id
simgos,discharge_medication_reconciliation_items,reconciliation_id,fk_dmri_reconciliation_id,simgos,discharge_medication_reconciliations,id
simgos,discharge_medication_reconciliations,reconciled_by,discharge_medication_reconciliations_reconciled_by_foreign,simgos,employees,id
simgos,discharge_medication_reconciliations,visit_id,discharge_medication_reconciliations_visit_id_foreign,simgos,visits,id
simgos,discharge_planning_risk_factors,assessed_by,discharge_planning_risk_factors_assessed_by_foreign,simgos,employees,id
simgos,discharge_planning_risk_factors,visit_id,discharge_planning_risk_factors_visit_id_foreign,simgos,visits,id
simgos,discharge_planning_screenings,screened_by,discharge_planning_screenings_screened_by_foreign,simgos,employees,id
simgos,discharge_planning_screenings,visit_id,discharge_planning_screenings_visit_id_foreign,simgos,visits,id
simgos,discharge_summaries,admission_diagnosis_id,discharge_summaries_admission_diagnosis_id_foreign,simgos,diagnoses,id
simgos,discharge_summaries,authored_by,discharge_summaries_authored_by_foreign,simgos,employees,id
simgos,discharge_summaries,discharge_diagnosis_id,discharge_summaries_discharge_diagnosis_id_foreign,simgos,diagnoses,id
simgos,discharge_summaries,visit_id,discharge_summaries_visit_id_foreign,simgos,visits,id
simgos,doctor_discounts,discount_id,doctor_discounts_discount_id_foreign,simgos,discounts,id
simgos,doctor_discounts,employee_id,doctor_discounts_employee_id_foreign,simgos,employees,id
simgos,doctor_medical_departments,doctor_id,doctor_medical_departments_doctor_id_foreign,simgos,doctors,id
simgos,doctor_medical_departments,medical_department_id,doctor_medical_departments_medical_department_id_foreign,simgos,medical_departments,id
simgos,doctor_procedure_consents,doctor_id,doctor_procedure_consents_doctor_id_foreign,simgos,doctors,id
simgos,doctor_procedure_consents,visit_id,doctor_procedure_consents_visit_id_foreign,simgos,visits,id
simgos,doctor_ward_assignments,doctor_id,doctor_ward_assignments_doctor_id_foreign,simgos,doctors,id
simgos,doctor_ward_assignments,ward_id,doctor_ward_assignments_ward_id_foreign,simgos,wards,id
simgos,doctors,employee_id,doctors_employee_id_foreign,simgos,employees,id
simgos,document_uploads,patient_id,document_uploads_patient_id_foreign,simgos,patients,id
simgos,document_uploads,visit_id,document_uploads_visit_id_foreign,simgos,visits,id
simgos,edc_transactions,payment_id,edc_transactions_payment_id_foreign,simgos,payments,id
simgos,emergency_educations,educator_id,emergency_educations_educator_id_foreign,simgos,employees,id
simgos,emergency_educations,visit_id,emergency_educations_visit_id_foreign,simgos,visits,id
simgos,employee_contacts,employee_id,employee_contacts_employee_id_foreign,simgos,employees,id
simgos,employee_identity_cards,employee_id,employee_identity_cards_employee_id_foreign,simgos,employees,id
simgos,employee_photos,employee_id,employee_photos_employee_id_foreign,simgos,employees,id
simgos,employees,smf_id,employees_smf_id_foreign,simgos,medical_departments,id
simgos,end_of_life_educations,educator_id,end_of_life_educations_educator_id_foreign,simgos,employees,id
simgos,end_of_life_educations,visit_id,end_of_life_educations_visit_id_foreign,simgos,visits,id
simgos,end_of_life_psychosocial_relationships,assessed_by,end_of_life_psychosocial_relationships_assessed_by_foreign,simgos,employees,id
simgos,end_of_life_psychosocial_relationships,visit_id,end_of_life_psychosocial_relationships_visit_id_foreign,simgos,visits,id
simgos,episode_closure_outboxes,registration_id,episode_closure_outboxes_registration_id_foreign,simgos,registrations,id
simgos,episode_closure_sync_attempts,operation_id,episode_sync_attempt_operation_fk,simgos,episode_closure_sync_operations,id
simgos,episode_closure_sync_operations,episode_closure_outbox_id,episode_sync_op_outbox_fk,simgos,episode_closure_outboxes,id
simgos,examination_group_mappings,examination_group_id,examination_group_mappings_examination_group_id_foreign,simgos,examination_groups,id
simgos,examination_result_statuses,verified_by,examination_result_statuses_verified_by_foreign,simgos,employees,id
simgos,examination_result_statuses,visit_id,examination_result_statuses_visit_id_foreign,simgos,visits,id
simgos,external_risk_factors,recorded_by,external_risk_factors_recorded_by_foreign,simgos,employees,id
simgos,external_risk_factors,visit_id,external_risk_factors_visit_id_foreign,simgos,visits,id
simgos,eye_exam_document_uploads,doctor_id,eye_exam_document_uploads_doctor_id_foreign,simgos,doctors,id
simgos,eye_exam_document_uploads,patient_id,eye_exam_document_uploads_patient_id_foreign,simgos,patients,id
simgos,eye_exam_document_uploads,visit_id,eye_exam_document_uploads_visit_id_foreign,simgos,visits,id
simgos,facility_memberships,facility_id,facility_memberships_facility_id_foreign,simgos,institutions,id
simgos,family_medical_histories,visit_id,family_medical_histories_visit_id_foreign,simgos,visits,id
simgos,fibroscan_results,examined_by,fibroscan_results_examined_by_foreign,simgos,employees,id
simgos,fibroscan_results,visit_id,fibroscan_results_visit_id_foreign,simgos,visits,id
simgos,final_result_cancellations,visit_id,final_result_cancellations_visit_id_foreign,simgos,visits,id
simgos,fluid_balance_assessment_details,fluid_balance_assessment_id,fk_fbad_assessment_id,simgos,fluid_balance_assessments,id
simgos,fluid_final_balances,recorded_by,fluid_final_balances_recorded_by_foreign,simgos,employees,id
simgos,fluid_final_balances,visit_id,fluid_final_balances_visit_id_foreign,simgos,visits,id
simgos,functional_assessments,assessed_by,functional_assessments_assessed_by_foreign,simgos,employees,id
simgos,functional_assessments,visit_id,functional_assessments_visit_id_foreign,simgos,visits,id
simgos,functional_status_assessments,assessed_by,functional_status_assessments_assessed_by_foreign,simgos,employees,id
simgos,functional_status_assessments,visit_id,functional_status_assessments_visit_id_foreign,simgos,visits,id
simgos,goods_receipt_cancellations,goods_receipt_id,goods_receipt_cancellations_goods_receipt_id_foreign,simgos,goods_receipts,id
simgos,goods_receipts,item_id,goods_receipts_item_id_foreign,simgos,items,id
simgos,goods_receipts,supplier_id,goods_receipts_supplier_id_foreign,simgos,suppliers,id
simgos,goods_return_items,goods_return_id,goods_return_items_goods_return_id_foreign,simgos,goods_returns,id
simgos,goods_return_items,item_id,goods_return_items_item_id_foreign,simgos,items,id
simgos,goods_returns,supplier_id,goods_returns_supplier_id_foreign,simgos,suppliers,id
simgos,guarantor_item_category_mappings,guarantor_id,guarantor_item_category_mappings_guarantor_id_foreign,simgos,guarantors,id
simgos,guarantor_item_category_mappings,item_category_id,guarantor_item_category_mappings_item_category_id_foreign,simgos,item_categories,id
simgos,guarantor_subspecialties,guarantor_id,guarantor_subspecialties_guarantor_id_foreign,simgos,guarantors,id
simgos,guarantor_ward_accesses,guarantor_id,guarantor_ward_accesses_guarantor_id_foreign,simgos,guarantors,id
simgos,guarantor_ward_accesses,ward_id,guarantor_ward_accesses_ward_id_foreign,simgos,wards,id
simgos,guarantors,registration_id,guarantors_registration_id_foreign,simgos,registrations,id
simgos,guarantors,room_class_id,guarantors_room_class_id_foreign,simgos,room_classes,id
simgos,gynecology_histories,visit_id,gynecology_histories_visit_id_foreign,simgos,visits,id
simgos,gynecology_ultrasounds,doctor_id,gynecology_ultrasounds_doctor_id_foreign,simgos,doctors,id
simgos,gynecology_ultrasounds,patient_id,gynecology_ultrasounds_patient_id_foreign,simgos,patients,id
simgos,gynecology_ultrasounds,visit_id,gynecology_ultrasounds_visit_id_foreign,simgos,visits,id
simgos,health_certificates,doctor_id,health_certificates_doctor_id_foreign,simgos,doctors,id
simgos,health_certificates,patient_id,health_certificates_patient_id_foreign,simgos,patients,id
simgos,health_certificates,visit_id,health_certificates_visit_id_foreign,simgos,visits,id
simgos,hemodialysis_letters,doctor_id,hemodialysis_letters_doctor_id_foreign,simgos,doctors,id
simgos,hemodialysis_letters,patient_id,hemodialysis_letters_patient_id_foreign,simgos,patients,id
simgos,hemodialysis_letters,visit_id,hemodialysis_letters_visit_id_foreign,simgos,visits,id
simgos,hospitalization_certificates,doctor_id,hospitalization_certificates_doctor_id_foreign,simgos,doctors,id
simgos,hospitalization_certificates,patient_id,hospitalization_certificates_patient_id_foreign,simgos,patients,id
simgos,hospitalization_certificates,visit_id,hospitalization_certificates_visit_id_foreign,simgos,visits,id
simgos,humpty_dumpty_fall_scale_assessments,assessed_by,humpty_dumpty_fall_scale_assessments_assessed_by_foreign,simgos,employees,id
simgos,humpty_dumpty_fall_scale_assessments,visit_id,humpty_dumpty_fall_scale_assessments_visit_id_foreign,simgos,visits,id
simgos,illness_progression_histories,visit_id,illness_progression_histories_visit_id_foreign,simgos,visits,id
simgos,image_marker_points,image_marker_id,image_marker_points_image_marker_id_foreign,simgos,image_markers,id
simgos,immunization_vaccinations,administered_by,immunization_vaccinations_administered_by_foreign,simgos,employees,id
simgos,immunization_vaccinations,patient_id,immunization_vaccinations_patient_id_foreign,simgos,patients,id
simgos,immunization_vaccinations,visit_id,immunization_vaccinations_visit_id_foreign,simgos,visits,id
simgos,implementation_notes,recorded_by,implementation_notes_recorded_by_foreign,simgos,employees,id
simgos,implementation_notes,visit_id,implementation_notes_visit_id_foreign,simgos,visits,id
simgos,implementations,performed_by,implementations_performed_by_foreign,simgos,employees,id
simgos,implementations,visit_id,implementations_visit_id_foreign,simgos,visits,id
simgos,indonesia_cities,province_code,indonesia_cities_province_code_foreign,simgos,indonesia_provinces,code
simgos,indonesia_districts,city_code,indonesia_districts_city_code_foreign,simgos,indonesia_cities,code
simgos,indonesia_villages,district_code,indonesia_villages_district_code_foreign,simgos,indonesia_districts,code
simgos,inpatient_care_plans,planned_by,inpatient_care_plans_planned_by_foreign,simgos,employees,id
simgos,inpatient_care_plans,visit_id,inpatient_care_plans_visit_id_foreign,simgos,visits,id
simgos,institution_audits,institution_id,institution_audits_institution_id_foreign,simgos,institutions,id
simgos,institution_audits,user_id,institution_audits_user_id_foreign,simgos,users,id
simgos,intervention_protocol_details,performed_by,intervention_protocol_details_performed_by_foreign,simgos,employees,id
simgos,intervention_protocol_details,protocol_id,intervention_protocol_details_protocol_id_foreign,simgos,intervention_protocols,id
simgos,intervention_protocols,started_by,intervention_protocols_started_by_foreign,simgos,employees,id
simgos,intervention_protocols,visit_id,intervention_protocols_visit_id_foreign,simgos,visits,id
simgos,intervention_recommendations,recommended_by,intervention_recommendations_recommended_by_foreign,simgos,employees,id
simgos,intervention_recommendations,visit_id,intervention_recommendations_visit_id_foreign,simgos,visits,id
simgos,invoice_cancellations,invoice_id,invoice_cancellations_invoice_id_foreign,simgos,invoices,id
simgos,invoice_guarantors,guarantor_id,invoice_guarantors_guarantor_id_foreign,simgos,guarantors,id
simgos,invoice_guarantors,invoice_id,invoice_guarantors_invoice_id_foreign,simgos,invoices,id
simgos,invoice_items,invoice_id,invoice_items_invoice_id_foreign,simgos,invoices,id
simgos,invoice_items,service_id,invoice_items_service_id_foreign,simgos,services,id
simgos,invoice_merges,invoice_id,invoice_merges_invoice_id_foreign,simgos,invoices,id
simgos,invoice_merges,payment_id,invoice_merges_payment_id_foreign,simgos,payments,id
simgos,invoice_subsidies,invoice_id,invoice_subsidies_invoice_id_foreign,simgos,invoices,id
simgos,invoices,cashier_session_id,invoices_cashier_session_id_foreign,simgos,cashier_sessions,id
simgos,invoices,visit_id,invoices_visit_id_foreign,simgos,visits,id
simgos,item_prices,item_id,item_prices_item_id_foreign,simgos,items,id
simgos,item_serial_numbers,ward_item_stock_id,item_serial_numbers_ward_item_stock_id_foreign,simgos,ward_item_stocks,id
simgos,killip_class_assessments,assessed_by,killip_class_assessments_assessed_by_foreign,simgos,employees,id
simgos,killip_class_assessments,visit_id,killip_class_assessments_visit_id_foreign,simgos,visits,id
simgos,klaim_submissions,satu_sehat_staging_submission_id,klaim_submissions_satu_sehat_staging_submission_id_foreign,simgos,satu_sehat_staging_submissions,id
simgos,kunjungans,pendaftaran_id,kunjungans_pendaftaran_id_foreign,simgos,pendaftarans,id
simgos,lab_culture_results,lab_order_id,lab_culture_results_lab_order_id_foreign,simgos,lab_orders,id
simgos,lab_examination_results,lab_order_id,lab_examination_results_lab_order_id_foreign,simgos,lab_orders,id
simgos,lab_microscopic_result_items,lab_microscopic_result_id,lab_microscopic_result_items_lab_microscopic_result_id_foreign,simgos,lab_microscopic_results,id
simgos,lab_microscopic_results,examined_by,lab_microscopic_results_examined_by_foreign,simgos,employees,id
simgos,lab_microscopic_results,lab_order_id,lab_microscopic_results_lab_order_id_foreign,simgos,lab_orders,id
simgos,lab_order_items,item_id,lab_order_items_item_id_foreign,simgos,items,id
simgos,lab_order_items,lab_order_id,lab_order_items_lab_order_id_foreign,simgos,lab_orders,id
simgos,lab_orders,ordered_by,lab_orders_ordered_by_foreign,simgos,employees,id
simgos,lab_orders,visit_id,lab_orders_visit_id_foreign,simgos,visits,id
simgos,lab_pcr_results,lab_order_id,lab_pcr_results_lab_order_id_foreign,simgos,lab_orders,id
simgos,lab_reference_values,lab_service_parameter_id,lab_reference_values_lab_service_parameter_id_foreign,simgos,lab_service_parameters,id
simgos,lab_result_notes,lab_result_id,lab_result_notes_lab_result_id_foreign,simgos,lab_results,id
simgos,lab_result_summaries,summarized_by,lab_result_summaries_summarized_by_foreign,simgos,employees,id
simgos,lab_result_summaries,visit_id,lab_result_summaries_visit_id_foreign,simgos,visits,id
simgos,lab_result_summary_items,summary_id,lab_result_summary_items_summary_id_foreign,simgos,lab_result_summaries,id
simgos,lab_results,lab_order_id,lab_results_lab_order_id_foreign,simgos,lab_orders,id
simgos,lab_sensitivity_results,lab_order_id,lab_sensitivity_results_lab_order_id_foreign,simgos,lab_orders,id
simgos,lab_service_parameters,lab_service_group_id,lab_service_parameters_lab_service_group_id_foreign,simgos,lab_service_groups,id
simgos,laboratory_rooms,ward_id,laboratory_rooms_ward_id_foreign,simgos,wards,id
simgos,leftover_medication_voucher_items,leftover_medication_voucher_id,fk_lmvi_voucher_id,simgos,leftover_medication_vouchers,id
simgos,leftover_medication_voucher_items,item_id,leftover_medication_voucher_items_item_id_foreign,simgos,items,id
simgos,leftover_medication_vouchers,patient_id,leftover_medication_vouchers_patient_id_foreign,simgos,patients,id
simgos,leftover_medication_vouchers,prescription_id,leftover_medication_vouchers_prescription_id_foreign,simgos,prescriptions,id
simgos,leftover_medication_vouchers,visit_id,leftover_medication_vouchers_visit_id_foreign,simgos,visits,id
simgos,maternal_pregnancy_histories,visit_id,maternal_pregnancy_histories_visit_id_foreign,simgos,visits,id
simgos,mcus,kunjungan_id,mcus_kunjungan_id_foreign,simgos,kunjungans,id
simgos,medical_checkup_results,examined_by,medical_checkup_results_examined_by_foreign,simgos,employees,id
simgos,medical_checkup_results,patient_id,medical_checkup_results_patient_id_foreign,simgos,patients,id
simgos,medical_checkup_results,visit_id,medical_checkup_results_visit_id_foreign,simgos,visits,id
simgos,medical_department_ward_assignments,medical_department_id,fk_mdwa_dept_id,simgos,medical_departments,id
simgos,medical_department_ward_assignments,ward_id,medical_department_ward_assignments_ward_id_foreign,simgos,wards,id
simgos,medical_procedure_staff,employee_id,medical_procedure_staff_employee_id_foreign,simgos,employees,id
simgos,medical_procedure_staff,medical_procedure_id,medical_procedure_staff_medical_procedure_id_foreign,simgos,medical_procedures,id
simgos,medical_procedures,performed_by,medical_procedures_performed_by_foreign,simgos,employees,id
simgos,medical_procedures,service_id,medical_procedures_service_id_foreign,simgos,services,id
simgos,medical_procedures,visit_id,medical_procedures_visit_id_foreign,simgos,visits,id
simgos,medical_supply_usage_items,item_id,medical_supply_usage_items_item_id_foreign,simgos,items,id
simgos,medical_supply_usage_items,medical_supply_usage_id,medical_supply_usage_items_medical_supply_usage_id_foreign,simgos,medical_supply_usages,id
simgos,medical_supply_usages,visit_id,medical_supply_usages_visit_id_foreign,simgos,visits,id
simgos,medication_administration_histories,administered_by,medication_administration_histories_administered_by_foreign,simgos,employees,id
simgos,medication_administration_histories,visit_id,medication_administration_histories_visit_id_foreign,simgos,visits,id
simgos,medication_iterations,prescription_id,medication_iterations_prescription_id_foreign,simgos,prescriptions,id
simgos,medication_service_limits,item_id,medication_service_limits_item_id_foreign,simgos,items,id
simgos,membership_audits,membership_id,membership_audits_membership_id_foreign,simgos,facility_memberships,id
simgos,membership_role_assignments,membership_id,membership_role_assignments_membership_id_foreign,simgos,facility_memberships,id
simgos,membership_role_assignments,role_id,membership_role_assignments_role_id_foreign,simgos,roles,id
simgos,membership_role_units,assignment_id,membership_role_units_assignment_id_foreign,simgos,membership_role_assignments,id
simgos,minimum_stock_levels,item_id,minimum_stock_levels_item_id_foreign,simgos,items,id
simgos,minimum_stock_levels,ward_id,minimum_stock_levels_ward_id_foreign,simgos,wards,id
simgos,mmpi_tests,doctor_id,mmpi_tests_doctor_id_foreign,simgos,doctors,id
simgos,mmpi_tests,patient_id,mmpi_tests_patient_id_foreign,simgos,patients,id
simgos,mmpi_tests,visit_id,mmpi_tests_visit_id_foreign,simgos,visits,id
simgos,model_has_permissions,permission_id,model_has_permissions_permission_id_foreign,simgos,permissions,id
simgos,model_has_roles,role_id,model_has_roles_role_id_foreign,simgos,roles,id
simgos,morse_fall_scale_assessments,assessed_by,morse_fall_scale_assessments_assessed_by_foreign,simgos,employees,id
simgos,morse_fall_scale_assessments,visit_id,morse_fall_scale_assessments_visit_id_foreign,simgos,visits,id
simgos,nurse_ward_assignments,nurse_id,nurse_ward_assignments_nurse_id_foreign,simgos,nurses,id
simgos,nurse_ward_assignments,ward_id,nurse_ward_assignments_ward_id_foreign,simgos,wards,id
simgos,nurses,employee_id,nurses_employee_id_foreign,simgos,employees,id
simgos,nursing_care_plan_implementations,nursing_care_plan_id,nursing_care_plan_implementations_nursing_care_plan_id_foreign,simgos,nursing_care_plans,id
simgos,nursing_care_plan_implementations,performed_by,nursing_care_plan_implementations_performed_by_foreign,simgos,employees,id
simgos,nursing_care_plans,recorded_by,nursing_care_plans_recorded_by_foreign,simgos,employees,id
simgos,nursing_care_plans,visit_id,nursing_care_plans_visit_id_foreign,simgos,visits,id
simgos,nursing_diagnoses,recorded_by,nursing_diagnoses_recorded_by_foreign,simgos,employees,id
simgos,nursing_diagnoses,visit_id,nursing_diagnoses_visit_id_foreign,simgos,visits,id
simgos,nursing_implementations,nursing_diagnosis_id,nursing_implementations_nursing_diagnosis_id_foreign,simgos,nursing_diagnoses,id
simgos,nursing_implementations,performed_by,nursing_implementations_performed_by_foreign,simgos,employees,id
simgos,nursing_indicator_implementations,nursing_indicator_id,nursing_indicator_implementations_nursing_indicator_id_foreign,simgos,nursing_indicators,id
simgos,nursing_indicator_implementations,recorded_by,nursing_indicator_implementations_recorded_by_foreign,simgos,employees,id
simgos,nursing_indicator_implementations,visit_id,nursing_indicator_implementations_visit_id_foreign,simgos,visits,id
simgos,nursing_indicators,nursing_indicator_type_id,nursing_indicators_nursing_indicator_type_id_foreign,simgos,nursing_indicator_types,id
simgos,nutrition_diet_patterns,assessed_by,nutrition_diet_patterns_assessed_by_foreign,simgos,employees,id
simgos,nutrition_diet_patterns,visit_id,nutrition_diet_patterns_visit_id_foreign,simgos,visits,id
simgos,obstetric_histories,visit_id,obstetric_histories_visit_id_foreign,simgos,visits,id
simgos,operating_rooms,ward_id,operating_rooms_ward_id_foreign,simgos,wards,id
simgos,other_histories,recorded_by,other_histories_recorded_by_foreign,simgos,employees,id
simgos,other_histories,visit_id,other_histories_visit_id_foreign,simgos,visits,id
simgos,other_service_tariffs,other_service_id,other_service_tariffs_other_service_id_foreign,simgos,other_services,id
simgos,other_service_tariffs,room_class_id,other_service_tariffs_room_class_id_foreign,simgos,room_classes,id
simgos,oxygen_usages,visit_id,oxygen_usages_visit_id_foreign,simgos,visits,id
simgos,package_invoice_items,invoice_id,package_invoice_items_invoice_id_foreign,simgos,invoices,id
simgos,package_invoice_items,package_id,package_invoice_items_package_id_foreign,simgos,packages,id
simgos,package_tariff_distribution_items,package_tariff_distribution_id,fk_ptdi_dist_id,simgos,package_tariff_distributions,id
simgos,package_tariff_distributions,package_id,package_tariff_distributions_package_id_foreign,simgos,packages,id
simgos,pain_score_assessments,assessed_by,pain_score_assessments_assessed_by_foreign,simgos,employees,id
simgos,pain_score_assessments,visit_id,pain_score_assessments_visit_id_foreign,simgos,visits,id
simgos,parental_health_history_screenings,screened_by,parental_health_history_screenings_screened_by_foreign,simgos,employees,id
simgos,parental_health_history_screenings,visit_id,parental_health_history_screenings_visit_id_foreign,simgos,visits,id
simgos,pathology_anatomy_results,examined_by,pathology_anatomy_results_examined_by_foreign,simgos,employees,id
simgos,pathology_anatomy_results,patient_id,pathology_anatomy_results_patient_id_foreign,simgos,patients,id
simgos,pathology_anatomy_results,visit_id,pathology_anatomy_results_visit_id_foreign,simgos,visits,id
simgos,pathology_claim_items,pathology_claim_id,pathology_claim_items_pathology_claim_id_foreign,simgos,pathology_claims,id
simgos,pathology_claims,claim_file_id,pathology_claims_claim_file_id_foreign,simgos,claim_files,id
simgos,pathology_claims,order_id,pathology_claims_order_id_foreign,simgos,lab_orders,id
simgos,pathology_immunofluorescence_results,pathology_anatomy_result_id,fk_pir_anatomy_id,simgos,pathology_anatomy_results,id
simgos,pathology_molecular_results,pathology_anatomy_result_id,pathology_molecular_results_pathology_anatomy_result_id_foreign,simgos,pathology_anatomy_results,id
simgos,patient_access_locks,locked_by,patient_access_locks_locked_by_foreign,simgos,employees,id
simgos,patient_access_locks,patient_id,patient_access_locks_patient_id_foreign,simgos,patients,id
simgos,patient_contacts,patient_id,patient_contacts_patient_id_foreign,simgos,patients,id
simgos,patient_death_records,declared_by,patient_death_records_declared_by_foreign,simgos,employees,id
simgos,patient_death_records,patient_id,patient_death_records_patient_id_foreign,simgos,patients,id
simgos,patient_death_records,visit_id,patient_death_records_visit_id_foreign,simgos,visits,id
simgos,patient_discharge_records,discharged_by,patient_discharge_records_discharged_by_foreign,simgos,employees,id
simgos,patient_discharge_records,patient_id,patient_discharge_records_patient_id_foreign,simgos,patients,id
simgos,patient_discharge_records,visit_id,patient_discharge_records_visit_id_foreign,simgos,visits,id
simgos,patient_escort_contacts,patient_escort_id,patient_escort_contacts_patient_escort_id_foreign,simgos,patient_escorts,id
simgos,patient_escort_identity_cards,patient_escort_id,patient_escort_identity_cards_patient_escort_id_foreign,simgos,patient_escorts,id
simgos,patient_escorts,registration_id,patient_escorts_registration_id_foreign,simgos,registrations,id
simgos,patient_family_educations,educator_id,patient_family_educations_educator_id_foreign,simgos,employees,id
simgos,patient_family_educations,visit_id,patient_family_educations_visit_id_foreign,simgos,visits,id
simgos,patient_guardian_contacts,patient_guardian_id,patient_guardian_contacts_patient_guardian_id_foreign,simgos,patient_guardians,id
simgos,patient_guardian_identity_cards,patient_guardian_id,patient_guardian_identity_cards_patient_guardian_id_foreign,simgos,patient_guardians,id
simgos,patient_guardians,registration_id,patient_guardians_registration_id_foreign,simgos,registrations,id
simgos,patient_identity_cards,patient_id,patient_identity_cards_patient_id_foreign,simgos,patients,id
simgos,patient_nutrition_problems,identified_by,patient_nutrition_problems_identified_by_foreign,simgos,employees,id
simgos,patient_nutrition_problems,visit_id,patient_nutrition_problems_visit_id_foreign,simgos,visits,id
simgos,patient_photos,patient_id,patient_photos_patient_id_foreign,simgos,patients,id
simgos,patient_portal_accounts,patient_id,patient_portal_accounts_patient_id_foreign,simgos,patients,id
simgos,patient_receivable_settlements,patient_receivable_id,patient_receivable_settlements_patient_receivable_id_foreign,simgos,patient_receivables,id
simgos,patient_receivables,invoice_id,patient_receivables_invoice_id_foreign,simgos,invoices,id
simgos,patient_receivables,patient_id,patient_receivables_patient_id_foreign,simgos,patients,id
simgos,patient_transfers,from_ward_id,patient_transfers_from_ward_id_foreign,simgos,wards,id
simgos,patient_transfers,to_ward_id,patient_transfers_to_ward_id_foreign,simgos,wards,id
simgos,patient_transfers,visit_id,patient_transfers_visit_id_foreign,simgos,visits,id
simgos,payments,cashier_session_id,payments_cashier_session_id_foreign,simgos,cashier_sessions,id
simgos,payments,invoice_id,payments_invoice_id_foreign,simgos,invoices,id
simgos,pediatric_statuses,patient_id,pediatric_statuses_patient_id_foreign,simgos,patients,id
simgos,pediatric_statuses,visit_id,pediatric_statuses_visit_id_foreign,simgos,visits,id
simgos,pembatalan_visit_cancellations,visit_id,pembatalan_visit_cancellations_visit_id_foreign,simgos,visits,id
simgos,penyakit_menular_submissions,satu_sehat_staging_submission_id,fk_pms_staging_id,simgos,satu_sehat_staging_submissions,id
simgos,pharmacy_claim_items,pharmacy_claim_id,pharmacy_claim_items_pharmacy_claim_id_foreign,simgos,pharmacy_claims,id
simgos,pharmacy_claims,claim_file_id,pharmacy_claims_claim_file_id_foreign,simgos,claim_files,id
simgos,pharmacy_claims,prescription_id,pharmacy_claims_prescription_id_foreign,simgos,prescriptions,id
simgos,pharmacy_depots,ward_id,pharmacy_depots_ward_id_foreign,simgos,wards,id
simgos,pharmacy_diagnoses,assessed_by,pharmacy_diagnoses_assessed_by_foreign,simgos,employees,id
simgos,pharmacy_diagnoses,prescription_id,pharmacy_diagnoses_prescription_id_foreign,simgos,prescriptions,id
simgos,pharmacy_diagnoses,visit_id,pharmacy_diagnoses_visit_id_foreign,simgos,visits,id
simgos,pharmacy_dispenses,prescription_id,pharmacy_dispenses_prescription_id_foreign,simgos,prescriptions,id
simgos,pharmacy_guarantor_margins,guarantor_id,pharmacy_guarantor_margins_guarantor_id_foreign,simgos,guarantors,id
simgos,pharmacy_outpatient_queues,prescription_id,pharmacy_outpatient_queues_prescription_id_foreign,simgos,prescriptions,id
simgos,pharmacy_packages,pharmacy_service_room_id,pharmacy_packages_pharmacy_service_room_id_foreign,simgos,pharmacy_service_rooms,id
simgos,pharmacy_returns,prescription_item_id,pharmacy_returns_prescription_item_id_foreign,simgos,prescription_items,id
simgos,pharmacy_returns,returned_by,pharmacy_returns_returned_by_foreign,simgos,employees,id
simgos,pharmacy_rooms,ward_id,pharmacy_rooms_ward_id_foreign,simgos,wards,id
simgos,pharmacy_service_fees,item_id,pharmacy_service_fees_item_id_foreign,simgos,items,id
simgos,pharmacy_service_rooms,ward_id,pharmacy_service_rooms_ward_id_foreign,simgos,wards,id
simgos,pharmacy_service_time_stages,pharmacy_service_time_id,pharmacy_service_time_stages_pharmacy_service_time_id_foreign,simgos,pharmacy_service_times,id
simgos,pharmacy_service_time_stages,recorded_by,pharmacy_service_time_stages_recorded_by_foreign,simgos,employees,id
simgos,pharmacy_service_times,prescription_id,pharmacy_service_times_prescription_id_foreign,simgos,prescriptions,id
simgos,physician_restrictions,doctor_id,physician_restrictions_doctor_id_foreign,simgos,doctors,id
simgos,plan_and_therapies,ordered_by,plan_and_therapies_ordered_by_foreign,simgos,doctors,id
simgos,plan_and_therapies,visit_id,plan_and_therapies_visit_id_foreign,simgos,visits,id
simgos,ppk_audits,ppk_id,ppk_audits_ppk_id_foreign,simgos,ppks,id
simgos,ppk_audits,user_id,ppk_audits_user_id_foreign,simgos,users,id
simgos,practice_licenses,employee_id,practice_licenses_employee_id_foreign,simgos,employees,id
simgos,pre_anesthesia_sedation_assessments,doctor_id,pre_anesthesia_sedation_assessments_doctor_id_foreign,simgos,doctors,id
simgos,pre_anesthesia_sedation_assessments,visit_id,pre_anesthesia_sedation_assessments_visit_id_foreign,simgos,visits,id
simgos,prescription_frequency_rule_categories,prescription_frequency_rule_id,fk_pfrc_rule_id,simgos,prescription_frequency_rules,id
simgos,prescription_fulfillment_items,prescription_fulfillment_id,fk_pfi_fulfillment_id,simgos,prescription_fulfillments,id
simgos,prescription_fulfillment_items,prescription_item_id,prescription_fulfillment_items_prescription_item_id_foreign,simgos,prescription_items,id
simgos,prescription_fulfillments,prescription_id,prescription_fulfillments_prescription_id_foreign,simgos,prescriptions,id
simgos,prescription_fulfillments,served_by,prescription_fulfillments_served_by_foreign,simgos,employees,id
simgos,prescription_initial_reviews,prescription_id,prescription_initial_reviews_prescription_id_foreign,simgos,prescriptions,id
simgos,prescription_initial_reviews,reviewed_by,prescription_initial_reviews_reviewed_by_foreign,simgos,employees,id
simgos,prescription_items,item_id,prescription_items_item_id_foreign,simgos,items,id
simgos,prescription_items,prescription_id,prescription_items_prescription_id_foreign,simgos,prescriptions,id
simgos,prescription_origin_unit_restrictions,item_id,prescription_origin_unit_restrictions_item_id_foreign,simgos,items,id
simgos,prescription_origin_unit_restrictions,ward_id,prescription_origin_unit_restrictions_ward_id_foreign,simgos,wards,id
simgos,prescriptions,diagnosis_id,prescriptions_diagnosis_id_foreign,simgos,diagnoses,id
simgos,prescriptions,prescribed_by,prescriptions_prescribed_by_foreign,simgos,employees,id
simgos,prescriptions,visit_id,prescriptions_visit_id_foreign,simgos,visits,id
simgos,procedure_consent_information,consent_id,procedure_consent_information_consent_id_foreign,simgos,doctor_procedure_consents,id
simgos,procedure_consent_information,explained_by,procedure_consent_information_explained_by_foreign,simgos,employees,id
simgos,procedure_consent_information_givers,consent_id,procedure_consent_information_givers_consent_id_foreign,simgos,doctor_procedure_consents,id
simgos,procedure_consent_information_givers,giver_id,procedure_consent_information_givers_giver_id_foreign,simgos,employees,id
simgos,procedure_consent_information_items,information_id,procedure_consent_information_items_information_id_foreign,simgos,procedure_consent_information,id
simgos,procedure_consent_information_receivers,consent_id,procedure_consent_information_receivers_consent_id_foreign,simgos,doctor_procedure_consents,id
simgos,procedure_consent_patient_acknowledgements,consent_id,procedure_consent_patient_acknowledgements_consent_id_foreign,simgos,doctor_procedure_consents,id
simgos,prognosas,kunjungan_id,prognosas_kunjungan_id_foreign,simgos,kunjungans,id
simgos,provider_services,payment_provider_id,provider_services_payment_provider_id_foreign,simgos,payment_providers,id
simgos,queue_calls,ward_queue_id,queue_calls_ward_queue_id_foreign,simgos,ward_queues,id
simgos,radiology_claim_items,radiology_claim_id,radiology_claim_items_radiology_claim_id_foreign,simgos,radiology_claims,id
simgos,radiology_claims,claim_file_id,radiology_claims_claim_file_id_foreign,simgos,claim_files,id
simgos,radiology_claims,order_id,radiology_claims_order_id_foreign,simgos,lab_orders,id
simgos,radiology_order_items,radiology_order_id,radiology_order_items_radiology_order_id_foreign,simgos,radiology_orders,id
simgos,radiology_orders,ordering_doctor_id,radiology_orders_ordering_doctor_id_foreign,simgos,employees,id
simgos,radiology_orders,patient_id,radiology_orders_patient_id_foreign,simgos,patients,id
simgos,radiology_orders,visit_id,radiology_orders_visit_id_foreign,simgos,visits,id
simgos,radiology_result_summaries,summarized_by,radiology_result_summaries_summarized_by_foreign,simgos,employees,id
simgos,radiology_result_summaries,visit_id,radiology_result_summaries_visit_id_foreign,simgos,visits,id
simgos,radiology_result_summary_items,summary_id,radiology_result_summary_items_summary_id_foreign,simgos,radiology_result_summaries,id
simgos,radiology_results,radiologist_id,radiology_results_radiologist_id_foreign,simgos,employees,id
simgos,radiology_results,radiology_order_id,radiology_results_radiology_order_id_foreign,simgos,radiology_orders,id
simgos,radiology_rooms,ward_id,radiology_rooms_ward_id_foreign,simgos,wards,id
simgos,radiology_viewer_logs,viewed_by,radiology_viewer_logs_viewed_by_foreign,simgos,employees,id
simgos,radiology_viewer_logs,visit_id,radiology_viewer_logs_visit_id_foreign,simgos,visits,id
simgos,receiving_items,item_id,receiving_items_item_id_foreign,simgos,items,id
simgos,receiving_items,receiving_record_id,receiving_items_receiving_record_id_foreign,simgos,receiving_records,id
simgos,receiving_records,received_by,receiving_records_received_by_foreign,simgos,employees,id
simgos,receiving_records,ward_id,receiving_records_ward_id_foreign,simgos,wards,id
simgos,reference_audits,user_id,reference_audits_user_id_foreign,simgos,users,id
simgos,reference_entries,reference_type_id,reference_entries_reference_type_id_foreign,simgos,reference_types,id
simgos,referral_letters,from_department_id,referral_letters_from_department_id_foreign,simgos,medical_departments,id
simgos,referral_letters,to_department_id,referral_letters_to_department_id_foreign,simgos,medical_departments,id
simgos,referral_letters,visit_id,referral_letters_visit_id_foreign,simgos,visits,id
simgos,referrals,patient_id,referrals_patient_id_foreign,simgos,patients,id
simgos,registration_histories,registration_id,registration_histories_registration_id_foreign,simgos,registrations,id
simgos,registration_invoices,invoice_id,registration_invoices_invoice_id_foreign,simgos,invoices,id
simgos,registration_invoices,registration_id,registration_invoices_registration_id_foreign,simgos,registrations,id
simgos,registrations,package_id,registrations_package_id_foreign,simgos,packages,id
simgos,registrations,patient_id,registrations_patient_id_foreign,simgos,patients,id
simgos,registrations,referral_id,registrations_referral_id_foreign,simgos,referrals,id
simgos,rehabilitation_procedure_examination_items,rehabilitation_procedure_examination_id,fk_rpei_examination_id,simgos,rehabilitation_procedure_examinations,id
simgos,rencana_kontrols,dpjp_doctor_id,rencana_kontrols_dpjp_doctor_id_foreign,simgos,doctors,id
simgos,rencana_kontrols,registration_id,rencana_kontrols_registration_id_foreign,simgos,registrations,id
simgos,rencana_kontrols,sep_id,rencana_kontrols_sep_id_foreign,simgos,seps,id
simgos,report_type_items,report_type_id,report_type_items_report_type_id_foreign,simgos,report_types,id
simgos,reservations,patient_id,reservations_patient_id_foreign,simgos,patients,id
simgos,reservations,ward_id,reservations_ward_id_foreign,simgos,wards,id
simgos,risk_factors,identified_by,risk_factors_identified_by_foreign,simgos,employees,id
simgos,risk_factors,visit_id,risk_factors_visit_id_foreign,simgos,visits,id
simgos,role_has_permissions,permission_id,role_has_permissions_permission_id_foreign,simgos,permissions,id
simgos,role_has_permissions,role_id,role_has_permissions_role_id_foreign,simgos,roles,id
simgos,rooms,class_id,rooms_class_id_foreign,simgos,room_classes,id
simgos,rooms,ward_id,rooms_ward_id_foreign,simgos,wards,id
simgos,rujukan_antar_rs,patient_id,rujukan_antar_rs_patient_id_foreign,simgos,patients,id
simgos,sale_items,item_id,sale_items_item_id_foreign,simgos,items,id
simgos,sale_items,sale_id,sale_items_sale_id_foreign,simgos,sales,id
simgos,sale_returns,sale_id,sale_returns_sale_id_foreign,simgos,sales,id
simgos,sales,patient_id,sales_patient_id_foreign,simgos,patients,id
simgos,sales,sold_by,sales_sold_by_foreign,simgos,employees,id
simgos,scanned_documents,patient_id,scanned_documents_patient_id_foreign,simgos,patients,id
simgos,scanned_documents,scanned_by,scanned_documents_scanned_by_foreign,simgos,employees,id
simgos,sep_pengajuans,sep_id,sep_pengajuans_sep_id_foreign,simgos,seps,id
simgos,sep_reconciliation_attempts,sep_id,sep_reconciliation_attempts_sep_id_foreign,simgos,seps,id
simgos,seps,dpjp_doctor_id,seps_dpjp_doctor_id_foreign,simgos,doctors,id
simgos,seps,guarantor_id,seps_guarantor_id_foreign,simgos,guarantors,id
simgos,seps,patient_id,seps_patient_id_foreign,simgos,patients,id
simgos,seps,registration_id,seps_registration_id_foreign,simgos,registrations,id
simgos,service_handovers,received_by,service_handovers_received_by_foreign,simgos,employees,id
simgos,service_handovers,visit_id,service_handovers_visit_id_foreign,simgos,visits,id
simgos,service_handovers,ward_id,service_handovers_ward_id_foreign,simgos,wards,id
simgos,service_tariffs,room_class_id,service_tariffs_room_class_id_foreign,simgos,room_classes,id
simgos,service_tariffs,service_id,service_tariffs_service_id_foreign,simgos,services,id
simgos,services,type_id,services_type_id_foreign,simgos,service_types,id
simgos,shipment_items,item_id,shipment_items_item_id_foreign,simgos,items,id
simgos,shipment_items,shipment_id,shipment_items_shipment_id_foreign,simgos,shipments,id
simgos,shipments,from_ward_id,shipments_from_ward_id_foreign,simgos,wards,id
simgos,shipments,shipped_by,shipments_shipped_by_foreign,simgos,employees,id
simgos,shipments,to_ward_id,shipments_to_ward_id_foreign,simgos,wards,id
simgos,sick_leave_certificates,doctor_id,sick_leave_certificates_doctor_id_foreign,simgos,doctors,id
simgos,sick_leave_certificates,patient_id,sick_leave_certificates_patient_id_foreign,simgos,patients,id
simgos,sick_leave_certificates,visit_id,sick_leave_certificates_visit_id_foreign,simgos,visits,id
simgos,skrinnings,kunjungan_id,skrinnings_kunjungan_id_foreign,simgos,kunjungans,id
simgos,social_conditions,recorded_by,social_conditions_recorded_by_foreign,simgos,employees,id
simgos,social_conditions,visit_id,social_conditions_visit_id_foreign,simgos,visits,id
simgos,spesialistik_submissions,satu_sehat_staging_submission_id,fk_ss_staging_id,simgos,satu_sehat_staging_submissions,id
simgos,spris,dpjp_doctor_id,spris_dpjp_doctor_id_foreign,simgos,doctors,id
simgos,spris,sep_id,spris_sep_id_foreign,simgos,seps,id
simgos,staff_members,employee_id,staff_members_employee_id_foreign,simgos,employees,id
simgos,staff_ward_assignments,staff_member_id,staff_ward_assignments_staff_member_id_foreign,simgos,staff_members,id
simgos,staff_ward_assignments,ward_id,staff_ward_assignments_ward_id_foreign,simgos,wards,id
simgos,stock_opname_items,item_id,stock_opname_items_item_id_foreign,simgos,items,id
simgos,stock_opname_items,stock_opname_id,stock_opname_items_stock_opname_id_foreign,simgos,stock_opnames,id
simgos,stock_opnames,conducted_by,stock_opnames_conducted_by_foreign,simgos,employees,id
simgos,stock_opnames,ward_id,stock_opnames_ward_id_foreign,simgos,wards,id
simgos,stock_request_items,item_id,stock_request_items_item_id_foreign,simgos,items,id
simgos,stock_request_items,stock_request_id,stock_request_items_stock_request_id_foreign,simgos,stock_requests,id
simgos,stock_requests,item_id,stock_requests_item_id_foreign,simgos,items,id
simgos,stock_requests,ward_id,stock_requests_ward_id_foreign,simgos,wards,id
simgos,supporting_documents,claim_file_id,supporting_documents_claim_file_id_foreign,simgos,claim_files,id
simgos,surgeries,diagnosis_id,surgeries_diagnosis_id_foreign,simgos,diagnoses,id
simgos,surgeries,surgeon_id,surgeries_surgeon_id_foreign,simgos,employees,id
simgos,surgeries,visit_id,surgeries_visit_id_foreign,simgos,visits,id
simgos,surgical_procedure_histories,visit_id,surgical_procedure_histories_visit_id_foreign,simgos,visits,id
simgos,surgical_safety_evaluation_results,evaluator_id,surgical_safety_evaluation_results_evaluator_id_foreign,simgos,employees,id
simgos,surgical_safety_evaluation_results,operating_room_id,surgical_safety_evaluation_results_operating_room_id_foreign,simgos,operating_rooms,id
simgos,surgical_safety_evaluation_results,visit_id,surgical_safety_evaluation_results_visit_id_foreign,simgos,visits,id
simgos,tb_disease_histories,visit_id,tb_disease_histories_visit_id_foreign,simgos,visits,id
simgos,tindakans,kunjungan_id,tindakans_kunjungan_id_foreign,simgos,kunjungans,id
simgos,transcranial_doppler_windows,transcranial_doppler_examination_id,fk_tdw_examination_id,simgos,transcranial_doppler_examinations,id
simgos,transfer_medication_reconciliation_items,reconciliation_id,fk_tmri_reconciliation_id,simgos,transfer_medication_reconciliations,id
simgos,transfer_medication_reconciliations,transferred_to_ward_id,fk_tmr_ward_id,simgos,wards,id
simgos,transfer_medication_reconciliations,reconciled_by,transfer_medication_reconciliations_reconciled_by_foreign,simgos,employees,id
simgos,transfer_medication_reconciliations,visit_id,transfer_medication_reconciliations_visit_id_foreign,simgos,visits,id
simgos,treatment_histories,visit_id,treatment_histories_visit_id_foreign,simgos,visits,id
simgos,treatment_protocol_step_drugs,treatment_protocol_step_id,treatment_protocol_step_drugs_treatment_protocol_step_id_foreign,simgos,treatment_protocol_steps,id
simgos,treatment_protocol_steps,treatment_protocol_id,treatment_protocol_steps_treatment_protocol_id_foreign,simgos,treatment_protocols,id
simgos,treatment_protocols,prescribed_by,treatment_protocols_prescribed_by_foreign,simgos,employees,id
simgos,treatment_protocols,visit_id,treatment_protocols_visit_id_foreign,simgos,visits,id
simgos,triages,assessed_by,triages_assessed_by_foreign,simgos,employees,id
simgos,triages,visit_id,triages_visit_id_foreign,simgos,visits,id
simgos,tumor_assessments,assessed_by,tumor_assessments_assessed_by_foreign,simgos,employees,id
simgos,tumor_assessments,diagnosis_id,tumor_assessments_diagnosis_id_foreign,simgos,diagnoses,id
simgos,tumor_assessments,visit_id,tumor_assessments_visit_id_foreign,simgos,visits,id
simgos,ultrasound_guided_procedures,doctor_id,ultrasound_guided_procedures_doctor_id_foreign,simgos,doctors,id
simgos,ultrasound_guided_procedures,patient_id,ultrasound_guided_procedures_patient_id_foreign,simgos,patients,id
simgos,ultrasound_guided_procedures,visit_id,ultrasound_guided_procedures_visit_id_foreign,simgos,visits,id
simgos,video_attachments,patient_id,video_attachments_patient_id_foreign,simgos,patients,id
simgos,video_attachments,visit_id,video_attachments_visit_id_foreign,simgos,visits,id
simgos,visit_cancellations,visit_id,visit_cancellations_visit_id_foreign,simgos,visits,id
simgos,visit_date_changes,visit_id,visit_date_changes_visit_id_foreign,simgos,visits,id
simgos,visits,attending_physician_id,visits_attending_physician_id_foreign,simgos,employees,id
simgos,visits,bed_id,visits_bed_id_foreign,simgos,beds,id
simgos,visits,deposit_class_id,visits_deposit_class_id_foreign,simgos,room_classes,id
simgos,visits,registration_id,visits_registration_id_foreign,simgos,registrations,id
simgos,visits,ward_id,visits_ward_id_foreign,simgos,wards,id
simgos,vital_signs,recorded_by,vital_signs_recorded_by_foreign,simgos,employees,id
simgos,vital_signs,visit_id,vital_signs_visit_id_foreign,simgos,visits,id
simgos,ward_class_assignments,room_class_id,ward_class_assignments_room_class_id_foreign,simgos,room_classes,id
simgos,ward_class_assignments,ward_id,ward_class_assignments_ward_id_foreign,simgos,wards,id
simgos,ward_item_stocks,item_id,ward_item_stocks_item_id_foreign,simgos,items,id
simgos,ward_item_stocks,ward_id,ward_item_stocks_ward_id_foreign,simgos,wards,id
simgos,ward_queues,visit_id,ward_queues_visit_id_foreign,simgos,visits,id
simgos,ward_queues,ward_id,ward_queues_ward_id_foreign,simgos,wards,id
simgos,ward_services,service_id,ward_services_service_id_foreign,simgos,services,id
simgos,ward_services,ward_id,ward_services_ward_id_foreign,simgos,wards,id
simgos,ward_stock_transactions,item_id,ward_stock_transactions_item_id_foreign,simgos,items,id
simgos,ward_stock_transactions,ward_id,ward_stock_transactions_ward_id_foreign,simgos,wards,id
simgos,ward_transfer_routes,from_ward_id,ward_transfer_routes_from_ward_id_foreign,simgos,wards,id
simgos,ward_transfer_routes,to_ward_id,ward_transfer_routes_to_ward_id_foreign,simgos,wards,id
simgos,wards,type_id,wards_type_id_foreign,simgos,ward_types,id
simgos,wards,visit_type_id,wards_visit_type_id_foreign,simgos,ward_visit_types,id
